event_id,time_utc,latitude,longitude,depth_km,magnitude,magnitude_type,place,source,url
demo-0366,2026-04-05T14:00:01.222578+00:00,37.227920440485455,38.650509937864015,24.963379183545936,2.59,Mw-demo,Southeast synthetic cluster,SYNTHETIC_DEMO,
demo-0576,2026-04-05T14:52:46.073622+00:00,40.51989838343289,29.335114497231224,8.056404212284917,2.08,Mw-demo,Marmara synthetic cluster,SYNTHETIC_DEMO,
demo-0526,2026-04-05T15:33:43.570174+00:00,37.785881445286954,36.843001955275966,13.038452256039879,2.29,Mw-demo,Southeast synthetic cluster,SYNTHETIC_DEMO,
demo-0500,2026-04-05T21:24:38.978514+00:00,41.232405987719744,29.728596907328352,8.324082463501087,2.08,Mw-demo,Marmara synthetic cluster,SYNTHETIC_DEMO,
demo-0594,2026-04-06T04:16:41.373053+00:00,37.19449588482715,36.60222183122254,8.987103492987266,1.29,Mw-demo,Southeast synthetic cluster,SYNTHETIC_DEMO,
demo-0008,2026-04-06T13:06:43.299056+00:00,41.34718772663977,29.533210091745616,28.350943087616834,1.59,Mw-demo,Marmara synthetic cluster,SYNTHETIC_DEMO,
demo-0481,2026-04-06T14:39:00.728357+00:00,38.299783256817314,27.10246901217399,5.676133682910475,1.5,Mw-demo,Aegean synthetic cluster,SYNTHETIC_DEMO,
demo-0058,2026-04-06T14:39:40.962635+00:00,36.85468752963129,37.605610545633546,4.4472866894255025,2.09,Mw-demo,Southeast synthetic cluster,SYNTHETIC_DEMO,
demo-0149,2026-04-06T15:19:36.575472+00:00,37.68758955749571,27.180889428660386,1.9869822640450558,1.49,Mw-demo,Aegean synthetic cluster,SYNTHETIC_DEMO,
demo-0512,2026-04-06T23:21:27.364726+00:00,40.067564777931906,28.857513001251082,7.687167977803314,2.34,Mw-demo,Marmara synthetic cluster,SYNTHETIC_DEMO,
demo-0118,2026-04-07T00:17:13.876347+00:00,37.69310844598544,37.25031446034902,13.15695375540623,1.23,Mw-demo,Southeast synthetic cluster,SYNTHETIC_DEMO,
demo-0505,2026-04-07T11:40:35.955701+00:00,38.16073879581685,27.000910160009145,6.793644117027613,1.21,Mw-demo,Aegean synthetic cluster,SYNTHETIC_DEMO,
demo-0052,2026-04-07T16:42:33.233055+00:00,40.60702180575891,30.455801619962635,7.838075454730071,1.4,Mw-demo,Marmara synthetic cluster,SYNTHETIC_DEMO,
demo-0123,2026-04-07T17:13:03.308019+00:00,39.8591782961561,39.62962910447624,22.927182259744242,1.27,Mw-demo,Eastern Anatolia synthetic cluster,SYNTHETIC_DEMO,
demo-0156,2026-04-07T18:01:14.466276+00:00,40.71306375594945,30.203187036269004,20.76186226264169,1.58,Mw-demo,Marmara synthetic cluster,SYNTHETIC_DEMO,
demo-0435,2026-04-07T21:50:23.956206+00:00,39.959031429219934,38.89941613518531,8.449431470326369,2.51,Mw-demo,Eastern Anatolia synthetic cluster,SYNTHETIC_DEMO,
demo-0322,2026-04-07T22:23:46.384260+00:00,37.17657337483203,36.96510859764193,7.798175560598365,2.11,Mw-demo,Southeast synthetic cluster,SYNTHETIC_DEMO,
demo-0010,2026-04-08T03:39:31.163788+00:00,37.84971333107881,37.692279647903106,8.137356630524229,1.49,Mw-demo,Southeast synthetic cluster,SYNTHETIC_DEMO,
demo-0603,2026-04-08T08:18:45.168914+00:00,39.580250159327484,39.44112021962002,23.46391284189598,1.69,Mw-demo,Eastern Anatolia synthetic cluster,SYNTHETIC_DEMO,
demo-0080,2026-04-09T07:49:40.458826+00:00,40.47664408689288,30.489014891790653,17.042124817967572,3.4,Mw-demo,Marmara synthetic cluster,SYNTHETIC_DEMO,
demo-0092,2026-04-09T13:03:08.190166+00:00,40.2958862217258,29.524306191864614,7.790090937301715,1.78,Mw-demo,Marmara synthetic cluster,SYNTHETIC_DEMO,
demo-0520,2026-04-09T13:08:55.632056+00:00,40.78869842134415,28.41736235403319,22.446821871758853,1.2,Mw-demo,Marmara synthetic cluster,SYNTHETIC_DEMO,
demo-0607,2026-04-09T18:01:53.218964+00:00,39.18998451978059,39.97644278748197,4.087006102667356,1.57,Mw-demo,Eastern Anatolia synthetic cluster,SYNTHETIC_DEMO,
demo-0066,2026-04-09T18:29:34.483618+00:00,37.36417460075476,37.125094555379796,3.0332717327475303,1.68,Mw-demo,Southeast synthetic cluster,SYNTHETIC_DEMO,
demo-0350,2026-04-10T05:09:50.858906+00:00,37.360223514527135,36.71500170788255,7.839039315898679,1.93,Mw-demo,Southeast synthetic cluster,SYNTHETIC_DEMO,
demo-0377,2026-04-10T05:58:03.230737+00:00,38.117971825696166,27.38793139505588,19.058950931859837,1.97,Mw-demo,Aegean synthetic cluster,SYNTHETIC_DEMO,
demo-0527,2026-04-10T07:45:53.361369+00:00,38.98135704633498,39.69294182740439,26.231342872984953,1.2,Mw-demo,Eastern Anatolia synthetic cluster,SYNTHETIC_DEMO,
demo-0447,2026-04-10T13:20:38.156206+00:00,39.66632324986805,40.09685128037152,4.8498490999058514,1.23,Mw-demo,Eastern Anatolia synthetic cluster,SYNTHETIC_DEMO,
demo-0348,2026-04-10T14:46:09.619861+00:00,40.09053334067525,29.243222568425107,9.007440469356911,2.84,Mw-demo,Marmara synthetic cluster,SYNTHETIC_DEMO,
demo-0588,2026-04-10T17:12:46.323657+00:00,40.55507305698527,29.662709623495598,13.03507402795176,1.4,Mw-demo,Marmara synthetic cluster,SYNTHETIC_DEMO,
demo-0309,2026-04-10T17:32:29.448473+00:00,37.59613413828971,26.80880761285245,5.5071109022674385,1.25,Mw-demo,Aegean synthetic cluster,SYNTHETIC_DEMO,
demo-0173,2026-04-11T11:34:36.187386+00:00,38.36652860699421,27.41756817638706,2.4106050179326344,1.54,Mw-demo,Aegean synthetic cluster,SYNTHETIC_DEMO,
demo-0003,2026-04-11T13:25:07.909282+00:00,38.97357590137396,39.93340680080989,25.624160442331053,1.26,Mw-demo,Eastern Anatolia synthetic cluster,SYNTHETIC_DEMO,
demo-0539,2026-04-11T17:15:15.295859+00:00,39.095885200987226,39.07339669251664,8.839193779475963,1.83,Mw-demo,Eastern Anatolia synthetic cluster,SYNTHETIC_DEMO,
demo-0462,2026-04-11T17:34:41.503954+00:00,36.907532599530846,35.97402101360016,37.21354047439618,1.33,Mw-demo,Southeast synthetic cluster,SYNTHETIC_DEMO,
demo-0235,2026-04-11T21:26:41.318957+00:00,39.77712178551229,39.8295682865985,4.7081641954943665,1.81,Mw-demo,Eastern Anatolia synthetic cluster,SYNTHETIC_DEMO,
demo-0448,2026-04-11T22:59:31.569127+00:00,41.318639811838175,29.52842680224413,11.98044754956681,1.75,Mw-demo,Marmara synthetic cluster,SYNTHETIC_DEMO,
demo-0543,2026-04-12T13:52:03.791440+00:00,39.87473936877968,38.9252063393078,14.345761471489618,1.71,Mw-demo,Eastern Anatolia synthetic cluster,SYNTHETIC_DEMO,
demo-0486,2026-04-12T14:12:27.255480+00:00,38.0421999389649,36.21986239443547,20.358240003493357,2.32,Mw-demo,Southeast synthetic cluster,SYNTHETIC_DEMO,
demo-0210,2026-04-12T15:16:48.392469+00:00,37.72914675511808,37.384260779371125,5.201335127058786,1.54,Mw-demo,Southeast synthetic cluster,SYNTHETIC_DEMO,
demo-0456,2026-04-12T15:35:10.106557+00:00,40.5220636375951,29.518446028284572,5.706737814771019,1.36,Mw-demo,Marmara synthetic cluster,SYNTHETIC_DEMO,
demo-0369,2026-04-12T21:37:12.438539+00:00,38.26991431056516,28.15583428463201,13.531596923342061,1.34,Mw-demo,Aegean synthetic cluster,SYNTHETIC_DEMO,
demo-0178,2026-04-13T14:52:36.836892+00:00,37.80735138151483,37.98585371154489,5.725673085220579,1.98,Mw-demo,Southeast synthetic cluster,SYNTHETIC_DEMO,
demo-0416,2026-04-14T00:17:04.765927+00:00,40.889693162406715,29.68658944965702,19.331678576690138,1.31,Mw-demo,Marmara synthetic cluster,SYNTHETIC_DEMO,
demo-0301,2026-04-14T05:32:02.098745+00:00,38.43039007728458,26.710828577485312,6.836779295686626,1.23,Mw-demo,Aegean synthetic cluster,SYNTHETIC_DEMO,
demo-0531,2026-04-14T20:06:53.042898+00:00,39.66246556359186,39.144185975708986,6.029733358614942,1.22,Mw-demo,Eastern Anatolia synthetic cluster,SYNTHETIC_DEMO,
demo-0511,2026-04-14T21:50:50.285201+00:00,39.02835149236362,39.26518939945688,29.02522214668037,1.34,Mw-demo,Eastern Anatolia synthetic cluster,SYNTHETIC_DEMO,
demo-0501,2026-04-15T02:59:14.869282+00:00,38.11344972747151,27.246924174461714,19.766383549250936,1.26,Mw-demo,Aegean synthetic cluster,SYNTHETIC_DEMO,
demo-0299,2026-04-15T03:03:50.321904+00:00,38.99123494766875,39.185365444640546,11.558089322107941,1.22,Mw-demo,Eastern Anatolia synthetic cluster,SYNTHETIC_DEMO,
demo-0150,2026-04-15T10:38:13.442421+00:00,36.548442949075124,36.724856299302196,9.09109719726976,1.25,Mw-demo,Southeast synthetic cluster,SYNTHETIC_DEMO,
demo-0338,2026-04-15T10:42:46.524524+00:00,37.65636699543485,37.50348222761153,7.215227895070845,3.19,Mw-demo,Southeast synthetic cluster,SYNTHETIC_DEMO,
demo-0411,2026-04-15T13:34:02.096359+00:00,39.2841060467973,38.98724815863907,8.32725330396602,1.32,Mw-demo,Eastern Anatolia synthetic cluster,SYNTHETIC_DEMO,
demo-0127,2026-04-15T20:46:23.275714+00:00,39.33733778512293,39.272912704294406,2.701429315999269,1.48,Mw-demo,Eastern Anatolia synthetic cluster,SYNTHETIC_DEMO,
demo-0355,2026-04-15T22:23:15.298117+00:00,40.02236696712812,39.06203340326422,8.471364645353539,2.07,Mw-demo,Eastern Anatolia synthetic cluster,SYNTHETIC_DEMO,
demo-0086,2026-04-16T00:50:50.722142+00:00,37.30741142723389,37.81318743298844,19.702330258530402,1.42,Mw-demo,Southeast synthetic cluster,SYNTHETIC_DEMO,
demo-0535,2026-04-16T08:05:19.323191+00:00,38.88141776695306,39.21665464835823,9.34356152479517,1.47,Mw-demo,Eastern Anatolia synthetic cluster,SYNTHETIC_DEMO,
demo-0295,2026-04-16T16:40:16.877605+00:00,39.89634786620498,39.43246461934323,11.260479748586684,2.46,Mw-demo,Eastern Anatolia synthetic cluster,SYNTHETIC_DEMO,
demo-0578,2026-04-16T16:43:17.383964+00:00,37.40985334237867,37.11234175046256,6.543474051725655,2.47,Mw-demo,Southeast synthetic cluster,SYNTHETIC_DEMO,
demo-0559,2026-04-16T16:44:39.156006+00:00,39.02474308826105,39.82413270675731,12.907649760358822,1.3,Mw-demo,Eastern Anatolia synthetic cluster,SYNTHETIC_DEMO,
demo-0023,2026-04-16T17:27:53.923358+00:00,39.4370838165775,39.87318711098995,4.796634738194413,1.36,Mw-demo,Eastern Anatolia synthetic cluster,SYNTHETIC_DEMO,
demo-0359,2026-04-17T05:31:27.897019+00:00,39.67858297939239,39.48300149778662,9.76330598708391,1.61,Mw-demo,Eastern Anatolia synthetic cluster,SYNTHETIC_DEMO,
demo-0582,2026-04-17T07:58:39.804142+00:00,36.976269267605595,36.75727877590991,5.1878038339297525,1.96,Mw-demo,Southeast synthetic cluster,SYNTHETIC_DEMO,
demo-0287,2026-04-18T18:18:23.325235+00:00,39.73832289521794,38.78152861519357,10.368787097214827,2.44,Mw-demo,Eastern Anatolia synthetic cluster,SYNTHETIC_DEMO,
demo-0105,2026-04-18T23:21:24.516744+00:00,38.27156039242426,27.145633454047537,6.9095291310024916,2.13,Mw-demo,Aegean synthetic cluster,SYNTHETIC_DEMO,
demo-0059,2026-04-19T04:57:31.371569+00:00,39.71889550644727,39.5898213325305,6.873321598711348,2.02,Mw-demo,Eastern Anatolia synthetic cluster,SYNTHETIC_DEMO,
demo-0600,2026-04-19T07:24:55.188752+00:00,40.98019227533767,28.259402251803593,4.007950782655558,1.36,Mw-demo,Marmara synthetic cluster,SYNTHETIC_DEMO,
demo-0121,2026-04-19T07:55:42.042649+00:00,37.897793576906146,27.38584471614864,22.25680488345455,1.65,Mw-demo,Aegean synthetic cluster,SYNTHETIC_DEMO,
demo-0161,2026-04-19T13:29:17.818598+00:00,38.19182374339907,27.632249657043996,16.807975225832823,3.21,Mw-demo,Aegean synthetic cluster,SYNTHETIC_DEMO,
demo-0345,2026-04-19T15:35:53.006521+00:00,39.54332822921779,27.46099837757455,11.3215938388419,2.34,Mw-demo,Aegean synthetic cluster,SYNTHETIC_DEMO,
demo-0371,2026-04-20T02:46:15.711148+00:00,39.718299742258395,39.576678912980476,6.835548177448279,1.61,Mw-demo,Eastern Anatolia synthetic cluster,SYNTHETIC_DEMO,
demo-0285,2026-04-20T06:50:32.551998+00:00,38.58930141254497,27.056092882812138,23.540379989219083,1.27,Mw-demo,Aegean synthetic cluster,SYNTHETIC_DEMO,
demo-0522,2026-04-20T07:02:18.540583+00:00,37.19390281809544,37.6255168188169,13.285059975680248,1.96,Mw-demo,Southeast synthetic cluster,SYNTHETIC_DEMO,
demo-0441,2026-04-21T05:07:37.254831+00:00,38.404786670288146,26.959389471395614,20.45593264552682,1.76,Mw-demo,Aegean synthetic cluster,SYNTHETIC_DEMO,
demo-0602,2026-04-21T08:36:50.868334+00:00,36.71284069939376,38.064341548360844,11.600369148730753,1.29,Mw-demo,Southeast synthetic cluster,SYNTHETIC_DEMO,
demo-0499,2026-04-21T11:50:13.108059+00:00,39.513016302329554,39.343968387566775,3.190403086631543,1.3,Mw-demo,Eastern Anatolia synthetic cluster,SYNTHETIC_DEMO,
demo-0391,2026-04-21T15:12:11.798054+00:00,39.00420462999166,39.20224956274838,12.782279622867987,1.7,Mw-demo,Eastern Anatolia synthetic cluster,SYNTHETIC_DEMO,
demo-0604,2026-04-21T17:26:51.473727+00:00,41.256193618178266,30.2030152595903,4.3213169765553845,2.41,Mw-demo,Marmara synthetic cluster,SYNTHETIC_DEMO,
demo-0202,2026-04-22T03:28:24.945536+00:00,37.239243628111105,36.50545460333126,16.005973629077776,1.31,Mw-demo,Southeast synthetic cluster,SYNTHETIC_DEMO,
demo-0584,2026-04-22T14:41:00.999898+00:00,41.065546399574465,29.91431116799747,12.582699815354548,1.22,Mw-demo,Marmara synthetic cluster,SYNTHETIC_DEMO,
demo-0070,2026-04-22T16:03:59.109819+00:00,36.661669854172764,37.092378794514886,4.849258115842774,1.68,Mw-demo,Southeast synthetic cluster,SYNTHETIC_DEMO,
demo-0049,2026-04-22T16:20:46.994867+00:00,38.001172231712786,26.91603528843925,8.607011402568629,1.27,Mw-demo,Aegean synthetic cluster,SYNTHETIC_DEMO,
demo-0029,2026-04-22T16:39:07.612027+00:00,37.67211385937525,27.243182317830144,1.9717049516887528,1.34,Mw-demo,Aegean synthetic cluster,SYNTHETIC_DEMO,
demo-0083,2026-04-22T17:37:16.906055+00:00,39.80547875504684,39.727719954300575,18.194846428794175,3.16,Mw-demo,Eastern Anatolia synthetic cluster,SYNTHETIC_DEMO,
demo-0425,2026-04-22T23:40:59.784188+00:00,38.33982680562077,27.73216706839278,6.935669863213486,2.01,Mw-demo,Aegean synthetic cluster,SYNTHETIC_DEMO,
demo-0510,2026-04-23T12:33:43.398825+00:00,37.59086184382341,37.849411725260474,4.912026121320985,1.54,Mw-demo,Southeast synthetic cluster,SYNTHETIC_DEMO,
demo-0134,2026-04-23T19:11:29.372496+00:00,37.28718109889179,36.8436471341932,18.137264288739896,1.87,Mw-demo,Southeast synthetic cluster,SYNTHETIC_DEMO,
demo-0229,2026-04-24T11:30:03.875541+00:00,38.70784795607162,27.63802739682168,10.287258167451547,1.72,Mw-demo,Aegean synthetic cluster,SYNTHETIC_DEMO,
demo-0197,2026-04-24T14:59:42.985837+00:00,39.16651831048714,26.231696197489928,7.962525737029321,1.32,Mw-demo,Aegean synthetic cluster,SYNTHETIC_DEMO,
demo-0553,2026-04-24T22:22:01.502796+00:00,38.15122777467684,27.3085195657145,4.522363170244029,1.55,Mw-demo,Aegean synthetic cluster,SYNTHETIC_DEMO,
demo-0404,2026-04-25T02:30:51.672758+00:00,41.09380708185447,29.792896980776487,4.728023690429944,1.79,Mw-demo,Marmara synthetic cluster,SYNTHETIC_DEMO,
demo-0120,2026-04-25T10:19:57.591034+00:00,40.804816165734735,28.313248396984946,4.763103255884088,1.91,Mw-demo,Marmara synthetic cluster,SYNTHETIC_DEMO,
demo-0233,2026-04-25T23:19:24.824228+00:00,38.22741837264225,27.670205904832848,25.128985095404463,2.16,Mw-demo,Aegean synthetic cluster,SYNTHETIC_DEMO,
demo-0579,2026-04-26T03:04:44.102438+00:00,39.33068073804279,39.4603341228434,8.540102279439484,1.64,Mw-demo,Eastern Anatolia synthetic cluster,SYNTHETIC_DEMO,
demo-0418,2026-04-26T11:55:00.619522+00:00,38.05039088588037,36.89941831008204,19.929387147972538,1.81,Mw-demo,Southeast synthetic cluster,SYNTHETIC_DEMO,
demo-0020,2026-04-26T12:58:04.457474+00:00,40.84963593145734,28.828119523904288,8.2472041217939,1.35,Mw-demo,Marmara synthetic cluster,SYNTHETIC_DEMO,
demo-0496,2026-04-26T14:19:22.812372+00:00,41.392618953926345,29.144530506469785,9.765617340246433,1.44,Mw-demo,Marmara synthetic cluster,SYNTHETIC_DEMO,
demo-0515,2026-04-26T18:06:43.159947+00:00,39.432866969816395,39.17039054574438,16.475863113025316,1.7,Mw-demo,Eastern Anatolia synthetic cluster,SYNTHETIC_DEMO,
demo-0269,2026-04-26T19:22:33.847902+00:00,38.36988457876582,27.42251255206541,9.816060167856158,2.48,Mw-demo,Aegean synthetic cluster,SYNTHETIC_DEMO,
demo-0068,2026-04-26T19:42:09.785574+00:00,40.86264023870242,29.34911577177215,2.641229418535226,1.3,Mw-demo,Marmara synthetic cluster,SYNTHETIC_DEMO,
demo-0385,2026-04-26T21:10:00.246039+00:00,38.606594892391996,27.03366934203859,26.089836151894687,1.59,Mw-demo,Aegean synthetic cluster,SYNTHETIC_DEMO,
demo-0265,2026-04-27T17:56:11.402556+00:00,39.166613478823315,27.467033023295027,16.89064317627436,1.88,Mw-demo,Aegean synthetic cluster,SYNTHETIC_DEMO,
demo-0024,2026-04-28T02:20:30.549252+00:00,41.11291769687161,28.581027815905784,8.938078551662775,1.7,Mw-demo,Marmara synthetic cluster,SYNTHETIC_DEMO,
demo-0464,2026-04-28T04:55:37.198307+00:00,40.76287863974503,28.341015959055543,14.6039780140709,2.11,Mw-demo,Marmara synthetic cluster,SYNTHETIC_DEMO,
demo-0168,2026-04-28T10:53:17.800128+00:00,41.09268918017433,29.158434596147124,13.395170318163002,2.3,Mw-demo,Marmara synthetic cluster,SYNTHETIC_DEMO,
demo-0426,2026-04-28T21:04:07.795199+00:00,36.8197934900418,36.99727459136951,8.933968998344405,1.39,Mw-demo,Southeast synthetic cluster,SYNTHETIC_DEMO,
demo-0041,2026-04-29T00:29:29.767841+00:00,38.386749991405814,27.2809686615804,1.7833468580041474,1.39,Mw-demo,Aegean synthetic cluster,SYNTHETIC_DEMO,
demo-0506,2026-04-29T01:31:19.235958+00:00,37.28461037111314,36.965530420461846,8.82267564885474,1.22,Mw-demo,Southeast synthetic cluster,SYNTHETIC_DEMO,
demo-0513,2026-04-29T03:51:46.549200+00:00,38.39508483030508,27.62227438713567,2.3513067037295032,1.25,Mw-demo,Aegean synthetic cluster,SYNTHETIC_DEMO,
demo-0237,2026-04-29T06:32:06.477570+00:00,38.605004994947166,27.51017956628514,15.655584336151692,1.34,Mw-demo,Aegean synthetic cluster,SYNTHETIC_DEMO,
demo-0403,2026-04-29T08:17:05.084004+00:00,40.2084754125739,39.574670218003845,10.399891136276956,1.42,Mw-demo,Eastern Anatolia synthetic cluster,SYNTHETIC_DEMO,
demo-0206,2026-04-29T09:40:15.226284+00:00,36.66816782415992,37.708852715200564,4.108384673470149,1.57,Mw-demo,Southeast synthetic cluster,SYNTHETIC_DEMO,
demo-0043,2026-04-29T11:50:02.377123+00:00,39.37113779391801,40.462533580915014,36.841721479673545,1.21,Mw-demo,Eastern Anatolia synthetic cluster,SYNTHETIC_DEMO,
demo-0477,2026-04-29T19:38:06.896422+00:00,38.84105782400307,27.125420270878557,5.17333861564424,1.5,Mw-demo,Aegean synthetic cluster,SYNTHETIC_DEMO,
demo-0159,2026-04-29T22:36:52.394775+00:00,40.166361087644404,39.30132358226803,12.588652877725822,1.31,Mw-demo,Eastern Anatolia synthetic cluster,SYNTHETIC_DEMO,
demo-0132,2026-04-29T23:21:26.645176+00:00,40.66986582560735,29.574106851190166,2.2928371916369383,1.72,Mw-demo,Marmara synthetic cluster,SYNTHETIC_DEMO,
demo-0217,2026-04-29T23:41:38.407984+00:00,38.7525518333823,26.93969714005053,7.171487484728249,1.36,Mw-demo,Aegean synthetic cluster,SYNTHETIC_DEMO,
demo-0050,2026-04-30T03:04:35.273243+00:00,38.263207882422904,36.9653746507313,16.200723704517962,1.56,Mw-demo,Southeast synthetic cluster,SYNTHETIC_DEMO,
demo-0142,2026-04-30T13:31:05.536916+00:00,38.42085988245158,37.8285844289046,6.56929607627251,2.63,Mw-demo,Southeast synthetic cluster,SYNTHETIC_DEMO,
demo-0073,2026-05-01T02:26:08.212948+00:00,38.63622948287407,26.76765877644867,4.793517878084249,1.69,Mw-demo,Aegean synthetic cluster,SYNTHETIC_DEMO,
demo-0483,2026-05-01T06:46:53.922636+00:00,39.556152107802184,39.20335755273658,15.556283581055823,1.94,Mw-demo,Eastern Anatolia synthetic cluster,SYNTHETIC_DEMO,
demo-0382,2026-05-01T08:18:45.189635+00:00,37.87000426525118,37.7633289393361,8.501461987303829,1.2,Mw-demo,Southeast synthetic cluster,SYNTHETIC_DEMO,
demo-0189,2026-05-01T16:08:45.118317+00:00,37.73459503104001,26.78543100088086,4.951063914841762,1.6,Mw-demo,Aegean synthetic cluster,SYNTHETIC_DEMO,
demo-0605,2026-05-01T19:18:27.300271+00:00,38.309847179374096,28.02894713501088,16.49651708580116,1.28,Mw-demo,Aegean synthetic cluster,SYNTHETIC_DEMO,
demo-0306,2026-05-01T22:19:18.076672+00:00,37.69164382982243,36.69806855744553,15.59997604526405,1.3,Mw-demo,Southeast synthetic cluster,SYNTHETIC_DEMO,
demo-0061,2026-05-02T03:11:09.706726+00:00,38.3485816397994,26.359243276062816,36.21967328852523,2.29,Mw-demo,Aegean synthetic cluster,SYNTHETIC_DEMO,
demo-0144,2026-05-02T03:58:14.823532+00:00,40.54909116383692,28.851504567473835,3.8610552516738834,4.44,Mw-demo,Marmara synthetic cluster,SYNTHETIC_DEMO,
demo-0263,2026-05-02T20:16:50.427695+00:00,40.054388900593594,39.583001337261614,16.905020492347713,1.22,Mw-demo,Eastern Anatolia synthetic cluster,SYNTHETIC_DEMO,
demo-0081,2026-05-03T01:50:41.653695+00:00,38.94024913906404,28.637576477897323,13.804710441268034,1.32,Mw-demo,Aegean synthetic cluster,SYNTHETIC_DEMO,
demo-0054,2026-05-03T02:02:07.294980+00:00,37.40831332309984,37.75332299948242,18.306491611243462,1.32,Mw-demo,Southeast synthetic cluster,SYNTHETIC_DEMO,
demo-0167,2026-05-03T10:36:13.123718+00:00,39.85768257689644,39.595239013649824,15.163771457068858,1.39,Mw-demo,Eastern Anatolia synthetic cluster,SYNTHETIC_DEMO,
demo-0281,2026-05-03T15:28:00.519338+00:00,38.62560681261496,27.711583655997387,2.417260870043394,1.56,Mw-demo,Aegean synthetic cluster,SYNTHETIC_DEMO,
demo-0364,2026-05-03T18:58:04.249080+00:00,40.50771903077809,29.47105505965418,3.700401710826595,1.75,Mw-demo,Marmara synthetic cluster,SYNTHETIC_DEMO,
demo-0489,2026-05-03T21:16:56.198075+00:00,38.29022220559069,27.70448511654607,9.02398001709937,1.43,Mw-demo,Aegean synthetic cluster,SYNTHETIC_DEMO,
demo-0311,2026-05-04T00:22:57.285340+00:00,39.49096293718173,39.32718832565479,12.81988795468076,2.74,Mw-demo,Eastern Anatolia synthetic cluster,SYNTHETIC_DEMO,
demo-0475,2026-05-04T13:44:58.469686+00:00,39.75663563984192,40.058519937923215,12.265600132842462,1.31,Mw-demo,Eastern Anatolia synthetic cluster,SYNTHETIC_DEMO,
demo-0353,2026-05-04T19:23:49.757723+00:00,39.03102872179055,27.31688359879348,4.283655156743162,1.26,Mw-demo,Aegean synthetic cluster,SYNTHETIC_DEMO,
demo-0069,2026-05-04T19:28:09.468152+00:00,38.377331897569256,27.049942279282575,7.3716444008283855,1.7,Mw-demo,Aegean synthetic cluster,SYNTHETIC_DEMO,
demo-0163,2026-05-04T20:38:19.799931+00:00,39.39356037853938,38.28261036201809,2.7027706448168476,3.37,Mw-demo,Eastern Anatolia synthetic cluster,SYNTHETIC_DEMO,
demo-0467,2026-05-04T23:42:02.699571+00:00,39.81465864720152,39.277302045530924,7.423361817943414,1.46,Mw-demo,Eastern Anatolia synthetic cluster,SYNTHETIC_DEMO,
demo-0587,2026-05-05T08:52:02.992597+00:00,39.948086636047506,39.59899570998975,19.715229479618134,1.21,Mw-demo,Eastern Anatolia synthetic cluster,SYNTHETIC_DEMO,
demo-0556,2026-05-05T12:44:51.313717+00:00,41.235318448086964,29.07609072997128,5.165059514470398,1.43,Mw-demo,Marmara synthetic cluster,SYNTHETIC_DEMO,
demo-0220,2026-05-06T07:13:25.769134+00:00,41.593541034063335,30.2123020741515,9.360730732932804,1.31,Mw-demo,Marmara synthetic cluster,SYNTHETIC_DEMO,
demo-0443,2026-05-06T15:59:01.749515+00:00,39.10491274215105,40.19753543304063,9.50211403452862,2.56,Mw-demo,Eastern Anatolia synthetic cluster,SYNTHETIC_DEMO,
demo-0349,2026-05-07T02:18:54.940460+00:00,37.798203147388215,26.55777475051369,13.479780478680949,1.41,Mw-demo,Aegean synthetic cluster,SYNTHETIC_DEMO,
demo-0087,2026-05-07T08:08:12.885971+00:00,39.46791658720691,40.590163860288904,8.234863252892072,2.32,Mw-demo,Eastern Anatolia synthetic cluster,SYNTHETIC_DEMO,
demo-0555,2026-05-07T15:10:00.530274+00:00,39.39655939453124,38.98242531979388,4.989664708624076,1.29,Mw-demo,Eastern Anatolia synthetic cluster,SYNTHETIC_DEMO,
demo-0548,2026-05-07T21:46:03.465985+00:00,40.48219272035811,29.414730287311265,20.68035682463067,2.8,Mw-demo,Marmara synthetic cluster,SYNTHETIC_DEMO,
demo-0399,2026-05-07T22:02:24.381836+00:00,40.118991654724695,39.61427951738797,23.44773252714353,1.36,Mw-demo,Eastern Anatolia synthetic cluster,SYNTHETIC_DEMO,
demo-0307,2026-05-08T08:32:24.791511+00:00,40.3403133166077,39.43909710186899,19.66353286141854,2.08,Mw-demo,Eastern Anatolia synthetic cluster,SYNTHETIC_DEMO,
demo-0250,2026-05-08T12:50:56.105981+00:00,37.430121115646024,36.274314870508974,3.560912328232964,1.64,Mw-demo,Southeast synthetic cluster,SYNTHETIC_DEMO,
demo-0533,2026-05-08T13:05:06.148288+00:00,37.73092976779936,28.02085968494938,1.8353440837870603,2.28,Mw-demo,Aegean synthetic cluster,SYNTHETIC_DEMO,
demo-0005,2026-05-08T13:43:41.407719+00:00,39.06428614434927,26.64733391497062,22.456829537441724,2.04,Mw-demo,Aegean synthetic cluster,SYNTHETIC_DEMO,
demo-0524,2026-05-08T13:46:50.318050+00:00,41.21569951592369,29.277360851708348,1.8093849381045086,2.21,Mw-demo,Marmara synthetic cluster,SYNTHETIC_DEMO,
demo-0451,2026-05-08T19:03:49.962210+00:00,39.846399611865706,39.29405042708764,15.962457358369576,2.75,Mw-demo,Eastern Anatolia synthetic cluster,SYNTHETIC_DEMO,
demo-0147,2026-05-08T20:16:27.612173+00:00,39.95458621108473,39.840863827188436,3.2176836664078947,1.49,Mw-demo,Eastern Anatolia synthetic cluster,SYNTHETIC_DEMO,
demo-0482,2026-05-08T20:35:36.248286+00:00,37.28923979773749,36.074723466583215,17.54184613261025,1.28,Mw-demo,Southeast synthetic cluster,SYNTHETIC_DEMO,
demo-0185,2026-05-09T01:13:18.709886+00:00,38.54814275652543,27.727351377290173,9.802412763350567,3.0,Mw-demo,Aegean synthetic cluster,SYNTHETIC_DEMO,
demo-0547,2026-05-09T05:16:43.366034+00:00,39.786185478608125,39.61212263878007,5.384107326683853,1.27,Mw-demo,Eastern Anatolia synthetic cluster,SYNTHETIC_DEMO,
demo-0581,2026-05-09T05:31:06.161774+00:00,39.012198570223426,27.294497619011366,11.505507881184942,2.07,Mw-demo,Aegean synthetic cluster,SYNTHETIC_DEMO,
demo-0440,2026-05-09T07:30:11.222011+00:00,41.12332249446863,29.257015887339342,5.262888792097251,2.3,Mw-demo,Marmara synthetic cluster,SYNTHETIC_DEMO,
demo-0313,2026-05-09T10:39:47.332168+00:00,38.20673556019923,27.44172575063875,10.547433440131014,1.45,Mw-demo,Aegean synthetic cluster,SYNTHETIC_DEMO,
demo-0407,2026-05-09T17:29:45.706087+00:00,39.74538863253518,40.17139202064471,4.344944515596448,1.85,Mw-demo,Eastern Anatolia synthetic cluster,SYNTHETIC_DEMO,
demo-0610,2026-05-09T21:03:29.900838+00:00,36.72340863124726,37.2326280796887,4.584857698376288,1.26,Mw-demo,Southeast synthetic cluster,SYNTHETIC_DEMO,
demo-0259,2026-05-09T21:47:20.211722+00:00,39.16589562261392,39.75655470472274,15.20445820842099,1.4,Mw-demo,Eastern Anatolia synthetic cluster,SYNTHETIC_DEMO,
demo-0470,2026-05-10T05:33:02.063746+00:00,37.75038918989051,37.35763781277234,4.142131164668071,1.39,Mw-demo,Southeast synthetic cluster,SYNTHETIC_DEMO,
demo-0319,2026-05-10T13:14:22.898692+00:00,39.740003657414384,39.89614284925277,12.108230842512953,1.38,Mw-demo,Eastern Anatolia synthetic cluster,SYNTHETIC_DEMO,
demo-0044,2026-05-10T15:51:47.654186+00:00,40.344111461235,29.61799988657805,34.8284278846384,1.43,Mw-demo,Marmara synthetic cluster,SYNTHETIC_DEMO,
demo-0152,2026-05-10T16:41:52.790543+00:00,41.08656191296767,29.231887214493224,16.3555022986431,1.97,Mw-demo,Marmara synthetic cluster,SYNTHETIC_DEMO,
demo-0209,2026-05-10T22:54:35.499141+00:00,38.31668265454556,27.25933635570919,22.00564460019442,3.09,Mw-demo,Aegean synthetic cluster,SYNTHETIC_DEMO,
demo-0175,2026-05-10T23:33:07.207312+00:00,39.12537510062996,40.2568751028738,13.352666596921516,1.33,Mw-demo,Eastern Anatolia synthetic cluster,SYNTHETIC_DEMO,
demo-0182,2026-05-11T01:35:33.367418+00:00,37.19613799570688,37.38659510406157,6.492462618470685,1.32,Mw-demo,Southeast synthetic cluster,SYNTHETIC_DEMO,
demo-0410,2026-05-11T05:23:30.817901+00:00,37.76913575179681,38.214322044703366,3.2282706225757383,2.48,Mw-demo,Southeast synthetic cluster,SYNTHETIC_DEMO,
demo-0048,2026-05-11T06:19:30.888946+00:00,41.45344584079272,28.898614903940288,3.596372666425473,1.23,Mw-demo,Marmara synthetic cluster,SYNTHETIC_DEMO,
demo-0375,2026-05-11T07:37:17.622033+00:00,39.73921027732074,39.21019451631314,7.87139561824732,1.28,Mw-demo,Eastern Anatolia synthetic cluster,SYNTHETIC_DEMO,
demo-0116,2026-05-11T16:22:56.302357+00:00,40.1294097145658,28.876452762504027,16.531086609402305,2.16,Mw-demo,Marmara synthetic cluster,SYNTHETIC_DEMO,
demo-0508,2026-05-12T16:47:21.731221+00:00,40.12981457123385,29.38915432802898,2.0394958056415096,2.27,Mw-demo,Marmara synthetic cluster,SYNTHETIC_DEMO,
demo-0272,2026-05-12T19:58:09.778359+00:00,41.253817315957626,29.75212485887424,7.197210282363947,1.48,Mw-demo,Marmara synthetic cluster,SYNTHETIC_DEMO,
demo-0550,2026-05-13T09:33:57.416833+00:00,37.20538445981426,37.35062852061836,2.0976213799579444,1.79,Mw-demo,Southeast synthetic cluster,SYNTHETIC_DEMO,
demo-0095,2026-05-13T16:49:51.611205+00:00,39.39957556895714,39.296149975412014,8.827324664982404,1.48,Mw-demo,Eastern Anatolia synthetic cluster,SYNTHETIC_DEMO,
demo-0492,2026-05-13T18:44:20.485757+00:00,40.568536794505704,30.342196360459074,21.283839916728116,1.78,Mw-demo,Marmara synthetic cluster,SYNTHETIC_DEMO,
demo-0018,2026-05-13T22:30:08.053782+00:00,37.12150867923821,36.52420912870641,20.157241133051755,1.7,Mw-demo,Southeast synthetic cluster,SYNTHETIC_DEMO,
demo-0546,2026-05-13T23:27:04.585677+00:00,37.08877097078384,36.64216402268513,3.813156573461354,1.27,Mw-demo,Southeast synthetic cluster,SYNTHETIC_DEMO,
demo-0437,2026-05-14T02:36:36.080071+00:00,38.126996089499634,27.604862759580385,6.204720143437796,1.45,Mw-demo,Aegean synthetic cluster,SYNTHETIC_DEMO,
demo-0466,2026-05-14T09:58:55.015053+00:00,36.96498025166138,37.44430400039929,27.01712118408635,2.25,Mw-demo,Southeast synthetic cluster,SYNTHETIC_DEMO,
demo-0563,2026-05-14T14:52:46.139929+00:00,39.200298351784724,39.864138759723176,8.154778982264109,1.85,Mw-demo,Eastern Anatolia synthetic cluster,SYNTHETIC_DEMO,
demo-0354,2026-05-14T16:16:48.613312+00:00,37.876778623623316,36.20091151840582,10.194325099568667,2.38,Mw-demo,Southeast synthetic cluster,SYNTHETIC_DEMO,
demo-0424,2026-05-14T20:27:23.947892+00:00,41.45366513463634,29.01357844989152,13.564874524720212,1.29,Mw-demo,Marmara synthetic cluster,SYNTHETIC_DEMO,
demo-0561,2026-05-14T22:20:04.179351+00:00,38.36899188435993,28.165276520900914,15.291885754607396,1.67,Mw-demo,Aegean synthetic cluster,SYNTHETIC_DEMO,
demo-0379,2026-05-15T04:29:40.244484+00:00,39.474490382078706,38.86807479837583,11.16222203510669,1.98,Mw-demo,Eastern Anatolia synthetic cluster,SYNTHETIC_DEMO,
demo-0599,2026-05-15T07:44:08.023277+00:00,39.77245081790731,39.52687924501297,7.93291484928586,1.25,Mw-demo,Eastern Anatolia synthetic cluster,SYNTHETIC_DEMO,
demo-0187,2026-05-15T11:20:14.764558+00:00,39.821463113811404,41.30735879824028,1.753963594533399,1.46,Mw-demo,Eastern Anatolia synthetic cluster,SYNTHETIC_DEMO,
demo-0188,2026-05-15T16:54:44.509960+00:00,40.86385031460145,28.20074333335093,8.33560627237195,1.78,Mw-demo,Marmara synthetic cluster,SYNTHETIC_DEMO,
demo-0026,2026-05-15T20:21:43.787012+00:00,36.56046276709173,38.03857690873739,1.6912429668249687,1.6,Mw-demo,Southeast synthetic cluster,SYNTHETIC_DEMO,
demo-0226,2026-05-16T03:17:23.226667+00:00,37.86798101319761,38.205282696632736,13.229213096951007,1.83,Mw-demo,Southeast synthetic cluster,SYNTHETIC_DEMO,
demo-0091,2026-05-16T09:52:41.392153+00:00,39.568572840911386,38.989703105490904,3.005299508815368,3.11,Mw-demo,Eastern Anatolia synthetic cluster,SYNTHETIC_DEMO,
demo-0469,2026-05-16T10:56:02.248795+00:00,38.12423017757063,26.42377873853024,7.3443467664121185,2.63,Mw-demo,Aegean synthetic cluster,SYNTHETIC_DEMO,
demo-0258,2026-05-16T12:08:10.768354+00:00,37.32919340177141,36.440390863173285,26.112568318220443,2.14,Mw-demo,Southeast synthetic cluster,SYNTHETIC_DEMO,
demo-0122,2026-05-16T19:55:39.776176+00:00,36.58838684109829,36.90804009952472,18.99099321861224,1.44,Mw-demo,Southeast synthetic cluster,SYNTHETIC_DEMO,
demo-0356,2026-05-17T06:48:39.258771+00:00,40.2169461774817,28.740832226799842,9.170355673972136,1.2,Mw-demo,Marmara synthetic cluster,SYNTHETIC_DEMO,
demo-0022,2026-05-17T23:47:34.577025+00:00,37.04202276013324,37.09222549159275,13.449042762896783,1.46,Mw-demo,Southeast synthetic cluster,SYNTHETIC_DEMO,
demo-0601,2026-05-18T06:31:50.437542+00:00,38.490011292862874,27.502840082199214,20.26015611926135,2.21,Mw-demo,Aegean synthetic cluster,SYNTHETIC_DEMO,
demo-0056,2026-05-18T14:55:40.156131+00:00,40.866179853219215,30.571049374282303,4.012010056732897,1.32,Mw-demo,Marmara synthetic cluster,SYNTHETIC_DEMO,
demo-0025,2026-05-18T21:43:25.406529+00:00,38.854367668442656,27.357631506103015,9.25031946720084,1.96,Mw-demo,Aegean synthetic cluster,SYNTHETIC_DEMO,
demo-0562,2026-05-18T23:57:25.102767+00:00,37.664578250100746,36.72694769590347,24.98699980972275,1.86,Mw-demo,Southeast synthetic cluster,SYNTHETIC_DEMO,
demo-0367,2026-05-19T07:31:27.588700+00:00,39.881274884127585,39.163293788505726,7.401002855925781,2.55,Mw-demo,Eastern Anatolia synthetic cluster,SYNTHETIC_DEMO,
demo-0454,2026-05-19T10:11:55.239029+00:00,37.65795904143839,36.193314418418566,14.390254680729221,2.17,Mw-demo,Southeast synthetic cluster,SYNTHETIC_DEMO,
demo-0055,2026-05-19T12:11:44.753786+00:00,40.01968969908467,39.71443189300161,9.966686575671446,1.21,Mw-demo,Eastern Anatolia synthetic cluster,SYNTHETIC_DEMO,
demo-0617,2026-05-19T14:23:04.767975+00:00,38.341645432439314,27.731236515003623,3.5836447823725615,1.48,Mw-demo,Aegean synthetic cluster,SYNTHETIC_DEMO,
demo-0013,2026-05-19T16:06:23.690294+00:00,38.45627265856164,27.556969742083954,12.639876709978317,2.35,Mw-demo,Aegean synthetic cluster,SYNTHETIC_DEMO,
demo-0414,2026-05-19T20:23:12.652970+00:00,37.97891296525179,36.20745156098036,6.8204414587466715,2.25,Mw-demo,Southeast synthetic cluster,SYNTHETIC_DEMO,
demo-0292,2026-05-20T02:28:07.715896+00:00,40.723357224215626,29.245659358199088,4.25915085819764,1.9,Mw-demo,Marmara synthetic cluster,SYNTHETIC_DEMO,
demo-0039,2026-05-20T05:44:12.584370+00:00,39.311533783670384,39.291833741919184,18.19128774635058,1.28,Mw-demo,Eastern Anatolia synthetic cluster,SYNTHETIC_DEMO,
demo-0346,2026-05-20T11:40:37.538381+00:00,37.732615688343756,36.73193022009904,2.5973698223926953,2.28,Mw-demo,Southeast synthetic cluster,SYNTHETIC_DEMO,
demo-0169,2026-05-20T19:46:41.484839+00:00,38.58966378060163,27.132776033269725,13.217037761488807,3.1,Mw-demo,Aegean synthetic cluster,SYNTHETIC_DEMO,
demo-0093,2026-05-20T21:01:16.749544+00:00,38.473599748203895,27.156297556829788,24.845128810366667,1.34,Mw-demo,Aegean synthetic cluster,SYNTHETIC_DEMO,
demo-0288,2026-05-21T02:50:11.754876+00:00,40.73661797003746,29.370044622052824,2.74839994824584,1.31,Mw-demo,Marmara synthetic cluster,SYNTHETIC_DEMO,
demo-0564,2026-05-21T02:56:49.545946+00:00,40.91371717436768,29.527261035413414,1.529220962156449,1.47,Mw-demo,Marmara synthetic cluster,SYNTHETIC_DEMO,
demo-0057,2026-05-21T11:06:55.284372+00:00,38.60286633741161,26.85385369516662,4.235613998562502,1.85,Mw-demo,Aegean synthetic cluster,SYNTHETIC_DEMO,
demo-0053,2026-05-22T17:15:58.546013+00:00,37.8067371553995,26.600815025107025,6.12206123860055,1.27,Mw-demo,Aegean synthetic cluster,SYNTHETIC_DEMO,
demo-0388,2026-05-22T22:08:38.442396+00:00,40.7750350675764,30.406103846497615,6.563463812400802,1.75,Mw-demo,Marmara synthetic cluster,SYNTHETIC_DEMO,
demo-0516,2026-05-22T23:50:43.483060+00:00,41.36632087894594,29.701842070263595,13.40467667942238,1.21,Mw-demo,Marmara synthetic cluster,SYNTHETIC_DEMO,
demo-0332,2026-05-23T05:59:41.004211+00:00,40.86265337423953,28.7832699978631,15.957728713832308,1.22,Mw-demo,Marmara synthetic cluster,SYNTHETIC_DEMO,
demo-0063,2026-05-23T16:16:03.801249+00:00,39.98361480271289,39.59845512843722,15.292904939409201,1.92,Mw-demo,Eastern Anatolia synthetic cluster,SYNTHETIC_DEMO,
demo-0011,2026-05-23T20:43:57.457899+00:00,39.67908399576877,40.32058095066266,20.714725107773056,1.24,Mw-demo,Eastern Anatolia synthetic cluster,SYNTHETIC_DEMO,
demo-0109,2026-05-24T02:53:10.403366+00:00,37.72545782064111,27.79805118174759,17.16285812135073,1.45,Mw-demo,Aegean synthetic cluster,SYNTHETIC_DEMO,
demo-0021,2026-05-24T06:33:05.210545+00:00,38.180473081188346,26.698425350612137,6.110496273132325,1.96,Mw-demo,Aegean synthetic cluster,SYNTHETIC_DEMO,
demo-0595,2026-05-24T11:25:08.447683+00:00,38.992887988530654,38.32685274949724,11.249324572343552,2.39,Mw-demo,Eastern Anatolia synthetic cluster,SYNTHETIC_DEMO,
demo-0036,2026-05-24T15:56:28.410952+00:00,40.996726478902644,29.51948326591349,13.597688446592437,1.54,Mw-demo,Marmara synthetic cluster,SYNTHETIC_DEMO,
demo-0609,2026-05-24T18:24:47.022572+00:00,38.56233241998531,26.954645000513956,2.2318837032530947,1.79,Mw-demo,Aegean synthetic cluster,SYNTHETIC_DEMO,
demo-0238,2026-05-24T23:45:11.188710+00:00,37.81675258280978,37.31281300098904,28.549693010544125,2.71,Mw-demo,Southeast synthetic cluster,SYNTHETIC_DEMO,
demo-0032,2026-05-25T00:14:50.039049+00:00,41.01305005008996,29.994555320937067,8.0306063606044,1.52,Mw-demo,Marmara synthetic cluster,SYNTHETIC_DEMO,
demo-0042,2026-05-25T02:10:10.666351+00:00,37.71543604348426,37.25781892231288,14.472103490655147,2.74,Mw-demo,Southeast synthetic cluster,SYNTHETIC_DEMO,
demo-0596,2026-05-25T03:09:03.615569+00:00,40.928249230873526,29.325549682653527,3.3093855747065586,2.33,Mw-demo,Marmara synthetic cluster,SYNTHETIC_DEMO,
demo-0413,2026-05-25T11:53:28.424862+00:00,38.06159762700038,27.66899772262927,8.838863811522543,1.24,Mw-demo,Aegean synthetic cluster,SYNTHETIC_DEMO,
demo-0214,2026-05-25T14:49:05.183589+00:00,36.828899102619474,36.601329448518264,1.810561017609833,1.49,Mw-demo,Southeast synthetic cluster,SYNTHETIC_DEMO,
demo-0303,2026-05-25T17:43:16.523930+00:00,39.76397513550516,39.557588385130494,2.534508302932061,1.42,Mw-demo,Eastern Anatolia synthetic cluster,SYNTHETIC_DEMO,
demo-0387,2026-05-25T20:07:56.606004+00:00,40.08645262902388,39.54960436597955,3.3466609990769682,1.58,Mw-demo,Eastern Anatolia synthetic cluster,SYNTHETIC_DEMO,
demo-0085,2026-05-26T02:48:01.797091+00:00,39.29552608856398,26.9809868385954,2.8478609690965966,1.22,Mw-demo,Aegean synthetic cluster,SYNTHETIC_DEMO,
demo-0331,2026-05-26T06:08:02.812572+00:00,39.708549344324446,40.17313074147586,3.23790380738477,1.8,Mw-demo,Eastern Anatolia synthetic cluster,SYNTHETIC_DEMO,
demo-0370,2026-05-26T06:14:22.890743+00:00,36.88390662802377,37.372826037480955,13.5907368798374,2.37,Mw-demo,Southeast synthetic cluster,SYNTHETIC_DEMO,
demo-0006,2026-05-26T11:13:02.612364+00:00,36.82612081684969,38.19937676827151,13.859623164051403,2.32,Mw-demo,Southeast synthetic cluster,SYNTHETIC_DEMO,
demo-0261,2026-05-26T12:56:20.250255+00:00,38.31780507958091,27.093499630165816,15.541653804997187,3.04,Mw-demo,Aegean synthetic cluster,SYNTHETIC_DEMO,
demo-0616,2026-05-26T19:58:21.313762+00:00,40.58996817221832,29.863593643728898,10.473707798346945,1.72,Mw-demo,Marmara synthetic cluster,SYNTHETIC_DEMO,
demo-0051,2026-05-26T21:07:36.326487+00:00,40.39105589868195,40.374916112385904,13.72185950004389,1.23,Mw-demo,Eastern Anatolia synthetic cluster,SYNTHETIC_DEMO,
demo-0427,2026-05-27T04:53:47.824855+00:00,39.42812969308181,39.5931342569748,16.75852188102663,1.29,Mw-demo,Eastern Anatolia synthetic cluster,SYNTHETIC_DEMO,
demo-0253,2026-05-27T06:40:40.853924+00:00,38.66082159497733,27.201174012929233,7.653882136786817,1.57,Mw-demo,Aegean synthetic cluster,SYNTHETIC_DEMO,
demo-0419,2026-05-27T06:49:06.257426+00:00,40.39081607298776,39.44128193828673,21.05112577289037,1.47,Mw-demo,Eastern Anatolia synthetic cluster,SYNTHETIC_DEMO,
demo-0312,2026-05-27T12:23:40.267807+00:00,40.59133816227323,28.797820256157586,5.740372965537028,1.87,Mw-demo,Marmara synthetic cluster,SYNTHETIC_DEMO,
demo-0033,2026-05-27T12:50:18.017848+00:00,38.2965476949016,27.851104148843003,15.841403001822735,1.84,Mw-demo,Aegean synthetic cluster,SYNTHETIC_DEMO,
demo-0211,2026-05-27T13:30:37.505848+00:00,40.110879731725205,39.98220290831272,2.551494779727677,2.55,Mw-demo,Eastern Anatolia synthetic cluster,SYNTHETIC_DEMO,
demo-0336,2026-05-27T19:18:29.412608+00:00,40.46767979485803,29.69243607836676,6.779096132138195,1.55,Mw-demo,Marmara synthetic cluster,SYNTHETIC_DEMO,
demo-0558,2026-05-27T20:41:15.594879+00:00,36.7132488670227,36.998929848144,5.077406828392182,1.46,Mw-demo,Southeast synthetic cluster,SYNTHETIC_DEMO,
demo-0227,2026-05-28T00:25:36.036860+00:00,39.842258679952394,38.44934800660237,1.4199552765014058,2.51,Mw-demo,Eastern Anatolia synthetic cluster,SYNTHETIC_DEMO,
demo-0114,2026-05-28T00:34:00.675403+00:00,37.81381876065664,37.02117471237884,2.789609260839153,1.67,Mw-demo,Southeast synthetic cluster,SYNTHETIC_DEMO,
demo-0166,2026-05-28T00:42:25.932440+00:00,37.550494991376844,36.03650113794004,1.6257278063197016,1.27,Mw-demo,Southeast synthetic cluster,SYNTHETIC_DEMO,
demo-0476,2026-05-28T03:36:11.875258+00:00,41.28491111507833,29.22212182911437,7.05902208250847,2.8,Mw-demo,Marmara synthetic cluster,SYNTHETIC_DEMO,
demo-0223,2026-05-28T05:58:57.721218+00:00,39.06222409752919,39.804216796854945,5.141284027672788,1.75,Mw-demo,Eastern Anatolia synthetic cluster,SYNTHETIC_DEMO,
demo-0342,2026-05-28T07:45:27.088962+00:00,36.490138239941544,37.940057435285276,15.751978936248697,1.94,Mw-demo,Southeast synthetic cluster,SYNTHETIC_DEMO,
demo-0452,2026-05-28T08:22:25.196168+00:00,40.64979032013639,28.494687983218167,11.248280533259878,1.85,Mw-demo,Marmara synthetic cluster,SYNTHETIC_DEMO,
demo-0378,2026-05-28T09:47:25.412733+00:00,37.3001220587567,37.008684167501,6.35993257976393,1.34,Mw-demo,Southeast synthetic cluster,SYNTHETIC_DEMO,
demo-0274,2026-05-28T16:10:41.351545+00:00,37.661028944157614,37.34774727587292,8.61574906031223,4.89,Mw-demo,Southeast synthetic cluster,SYNTHETIC_DEMO,
demo-0276,2026-05-28T16:32:30.525319+00:00,41.30595211309696,29.512172739649287,5.068408064753984,2.21,Mw-demo,Marmara synthetic cluster,SYNTHETIC_DEMO,
demo-0294,2026-05-28T18:32:12.883273+00:00,37.62752978511518,36.41887699130529,5.5560642510029155,1.8,Mw-demo,Southeast synthetic cluster,SYNTHETIC_DEMO,
demo-0090,2026-05-28T21:26:34.600116+00:00,37.15466082001926,37.62194970334683,2.886762480772819,1.8,Mw-demo,Southeast synthetic cluster,SYNTHETIC_DEMO,
demo-0392,2026-05-29T03:24:53.399065+00:00,40.82031178647258,28.89342659529401,8.704333528795532,2.9,Mw-demo,Marmara synthetic cluster,SYNTHETIC_DEMO,
demo-0390,2026-05-29T03:45:01.765915+00:00,38.045516985413066,37.723055942456604,14.580406599603943,1.37,Mw-demo,Southeast synthetic cluster,SYNTHETIC_DEMO,
demo-0431,2026-05-29T06:56:20.387574+00:00,39.298720559135944,39.9819949231899,5.6338657196712125,1.35,Mw-demo,Eastern Anatolia synthetic cluster,SYNTHETIC_DEMO,
demo-0031,2026-05-29T07:20:26.707290+00:00,40.70667999155052,39.15431153827421,13.302897028136472,1.24,Mw-demo,Eastern Anatolia synthetic cluster,SYNTHETIC_DEMO,
demo-0502,2026-05-29T10:01:52.325789+00:00,37.244337495132584,36.8737491612704,8.706363998965276,4.28,Mw-demo,Southeast synthetic cluster,SYNTHETIC_DEMO,
demo-0472,2026-05-29T12:13:38.247329+00:00,41.09100408055479,30.06883338887656,5.760437030679096,2.96,Mw-demo,Marmara synthetic cluster,SYNTHETIC_DEMO,
demo-0248,2026-05-29T16:13:02.382402+00:00,40.89043923242924,29.10750269493413,11.029282437691602,1.49,Mw-demo,Marmara synthetic cluster,SYNTHETIC_DEMO,
demo-0560,2026-05-29T21:21:58.206010+00:00,41.26198024214276,28.99458962342283,10.733147943342567,1.9,Mw-demo,Marmara synthetic cluster,SYNTHETIC_DEMO,
demo-0017,2026-05-30T03:15:43.232494+00:00,38.5204532481113,26.786290733329476,9.000493619769856,1.65,Mw-demo,Aegean synthetic cluster,SYNTHETIC_DEMO,
demo-0325,2026-05-30T03:51:34.992804+00:00,37.715902020269226,26.59203919173796,8.541440102901994,1.91,Mw-demo,Aegean synthetic cluster,SYNTHETIC_DEMO,
demo-0442,2026-05-30T05:23:01.233499+00:00,37.5182196500177,37.39644097261244,7.204335956438282,1.62,Mw-demo,Southeast synthetic cluster,SYNTHETIC_DEMO,
demo-0224,2026-05-30T17:21:23.549284+00:00,41.14546637115538,29.681589756789162,7.518559541821383,2.87,Mw-demo,Marmara synthetic cluster,SYNTHETIC_DEMO,
demo-0102,2026-05-30T19:32:21.749203+00:00,37.27159735241468,37.31934333449673,2.069148154926874,1.23,Mw-demo,Southeast synthetic cluster,SYNTHETIC_DEMO,
demo-0572,2026-05-31T01:08:05.199246+00:00,41.128548318650694,28.709839181631267,3.9164370366972263,1.23,Mw-demo,Marmara synthetic cluster,SYNTHETIC_DEMO,
demo-0225,2026-05-31T12:52:42.998308+00:00,38.91614046898203,27.9691754810785,1.013926592332182,1.23,Mw-demo,Aegean synthetic cluster,SYNTHETIC_DEMO,
demo-0422,2026-05-31T16:26:07.060391+00:00,36.945844618683815,36.994518104981815,11.40831608395926,1.88,Mw-demo,Southeast synthetic cluster,SYNTHETIC_DEMO,
demo-0536,2026-05-31T18:01:39.992032+00:00,40.72709969501806,29.311723384384475,23.485671873860735,1.45,Mw-demo,Marmara synthetic cluster,SYNTHETIC_DEMO,
demo-0286,2026-05-31T23:04:52.876132+00:00,37.01650450297097,36.84213180297282,7.139438061508597,1.51,Mw-demo,Southeast synthetic cluster,SYNTHETIC_DEMO,
demo-0277,2026-05-31T23:51:05.627446+00:00,38.48855494283528,27.09115150055044,9.00249239462198,2.11,Mw-demo,Aegean synthetic cluster,SYNTHETIC_DEMO,
demo-0328,2026-06-01T02:01:55.474776+00:00,40.754606067069616,28.528171747955025,28.479034134102097,4.78,Mw-demo,Marmara synthetic cluster,SYNTHETIC_DEMO,
demo-0098,2026-06-01T06:55:29.883704+00:00,37.14044082120249,38.106386496033124,5.807828443796007,1.71,Mw-demo,Southeast synthetic cluster,SYNTHETIC_DEMO,
demo-0004,2026-06-01T08:42:46.745164+00:00,41.16411204451141,29.66761877953984,13.256484692550439,2.14,Mw-demo,Marmara synthetic cluster,SYNTHETIC_DEMO,
demo-0471,2026-06-01T13:02:22.300165+00:00,39.041436545241055,39.07698949905105,11.076319731262071,1.67,Mw-demo,Eastern Anatolia synthetic cluster,SYNTHETIC_DEMO,
demo-0394,2026-06-01T18:05:44.191293+00:00,37.85808986094661,37.16258795996261,2.785503787382858,1.56,Mw-demo,Southeast synthetic cluster,SYNTHETIC_DEMO,
demo-0373,2026-06-01T21:48:23.029413+00:00,37.86024126266081,27.46226753212715,13.635896167702953,1.34,Mw-demo,Aegean synthetic cluster,SYNTHETIC_DEMO,
demo-0415,2026-06-01T23:19:25.996282+00:00,39.82095903826873,39.58938629842798,24.124248630236902,1.29,Mw-demo,Eastern Anatolia synthetic cluster,SYNTHETIC_DEMO,
demo-0113,2026-06-02T20:08:09.724393+00:00,39.09263302525222,26.98924568537558,30.48532228110632,2.52,Mw-demo,Aegean synthetic cluster,SYNTHETIC_DEMO,
demo-0143,2026-06-02T23:50:43.944312+00:00,40.00115519679606,38.06986979733428,1.5269816720874914,1.21,Mw-demo,Eastern Anatolia synthetic cluster,SYNTHETIC_DEMO,
demo-0155,2026-06-03T03:43:32.322989+00:00,39.96709319210822,40.047798023602574,13.542616046810089,1.9,Mw-demo,Eastern Anatolia synthetic cluster,SYNTHETIC_DEMO,
demo-0192,2026-06-03T10:42:57.055645+00:00,40.75324446379105,29.393700745493845,5.581385722537209,3.28,Mw-demo,Marmara synthetic cluster,SYNTHETIC_DEMO,
demo-0487,2026-06-03T15:54:22.601038+00:00,40.599323667240725,39.00567705374713,2.813531733744353,1.55,Mw-demo,Eastern Anatolia synthetic cluster,SYNTHETIC_DEMO,
demo-0239,2026-06-03T22:53:07.278583+00:00,39.661768328091796,39.56420263649101,11.958958350373052,1.72,Mw-demo,Eastern Anatolia synthetic cluster,SYNTHETIC_DEMO,
demo-0119,2026-06-04T00:17:47.797999+00:00,40.05002339816468,40.02096899658088,25.607446570011902,1.71,Mw-demo,Eastern Anatolia synthetic cluster,SYNTHETIC_DEMO,
demo-0368,2026-06-04T00:35:38.267786+00:00,41.16030658041388,30.016075367042077,11.288885866127083,1.36,Mw-demo,Marmara synthetic cluster,SYNTHETIC_DEMO,
demo-0128,2026-06-04T03:19:14.370771+00:00,40.64400910083841,29.864111267244002,6.627015136369832,1.83,Mw-demo,Marmara synthetic cluster,SYNTHETIC_DEMO,
demo-0393,2026-06-04T03:46:45.125527+00:00,38.00152040207299,27.659839941703602,13.70175029297565,1.76,Mw-demo,Aegean synthetic cluster,SYNTHETIC_DEMO,
demo-0072,2026-06-04T12:41:00.980690+00:00,41.008352830129354,28.92252953996838,2.401604588586089,1.55,Mw-demo,Marmara synthetic cluster,SYNTHETIC_DEMO,
demo-0580,2026-06-04T14:36:42.082009+00:00,40.78882775497708,30.03053825296193,10.934578087849511,1.87,Mw-demo,Marmara synthetic cluster,SYNTHETIC_DEMO,
demo-0341,2026-06-05T03:02:24.354373+00:00,38.872111834119195,25.991182351056633,21.05560505469064,1.68,Mw-demo,Aegean synthetic cluster,SYNTHETIC_DEMO,
demo-0111,2026-06-05T03:53:34.954804+00:00,39.39767597762468,39.35987444097439,5.541788293941194,1.39,Mw-demo,Eastern Anatolia synthetic cluster,SYNTHETIC_DEMO,
demo-0088,2026-06-05T09:28:50.399541+00:00,40.81308685077582,28.584229304989805,5.757904870070549,2.51,Mw-demo,Marmara synthetic cluster,SYNTHETIC_DEMO,
demo-0275,2026-06-05T14:40:55.662101+00:00,39.27451097373342,39.384569798070224,33.28389458319069,1.44,Mw-demo,Eastern Anatolia synthetic cluster,SYNTHETIC_DEMO,
demo-0060,2026-06-06T00:02:56.735796+00:00,40.68025281271838,30.025556189748738,11.525425966076362,2.1,Mw-demo,Marmara synthetic cluster,SYNTHETIC_DEMO,
demo-0514,2026-06-06T03:35:08.469001+00:00,37.13888646749994,36.49765377917083,11.633236570522557,2.07,Mw-demo,Southeast synthetic cluster,SYNTHETIC_DEMO,
demo-0230,2026-06-06T04:34:22.336549+00:00,37.881564128728996,37.51076707341056,16.632233272373444,1.8,Mw-demo,Southeast synthetic cluster,SYNTHETIC_DEMO,
demo-0204,2026-06-06T05:33:16.925330+00:00,40.96301507597297,28.33264003104757,9.607082931975828,1.59,Mw-demo,Marmara synthetic cluster,SYNTHETIC_DEMO,
demo-0315,2026-06-06T10:05:03.188368+00:00,39.46246783481113,39.77453417047274,12.477803192119604,2.46,Mw-demo,Eastern Anatolia synthetic cluster,SYNTHETIC_DEMO,
demo-0455,2026-06-06T11:38:55.141037+00:00,39.634055094174975,40.313618281602835,28.60236521522003,1.4,Mw-demo,Eastern Anatolia synthetic cluster,SYNTHETIC_DEMO,
demo-0497,2026-06-06T15:57:12.580572+00:00,37.82562380527996,27.44492000527632,7.496017600621678,1.46,Mw-demo,Aegean synthetic cluster,SYNTHETIC_DEMO,
demo-0148,2026-06-06T16:49:22.238689+00:00,40.47193867884868,28.999097803296745,15.27112020864052,1.6,Mw-demo,Marmara synthetic cluster,SYNTHETIC_DEMO,
demo-0100,2026-06-06T17:02:06.846692+00:00,41.23245195452434,29.313593511000306,1.1889932588473908,1.59,Mw-demo,Marmara synthetic cluster,SYNTHETIC_DEMO,
demo-0361,2026-06-07T00:48:27.362175+00:00,37.9150047212025,26.64959475724639,8.722059689124865,2.01,Mw-demo,Aegean synthetic cluster,SYNTHETIC_DEMO,
demo-0089,2026-06-07T10:15:02.708519+00:00,39.208604816070086,26.94891123347017,24.715920827729278,1.3,Mw-demo,Aegean synthetic cluster,SYNTHETIC_DEMO,
demo-0430,2026-06-07T10:52:10.529326+00:00,37.59003238480466,37.75015661253453,24.82799580643691,2.0,Mw-demo,Southeast synthetic cluster,SYNTHETIC_DEMO,
demo-0251,2026-06-07T11:49:05.083292+00:00,39.4098789219718,40.11788732728227,5.673894154481411,3.43,Mw-demo,Eastern Anatolia synthetic cluster,SYNTHETIC_DEMO,
demo-0244,2026-06-07T20:20:49.346474+00:00,41.18324697998074,29.38745679873972,23.10368501907145,2.0,Mw-demo,Marmara synthetic cluster,SYNTHETIC_DEMO,
demo-0493,2026-06-08T00:54:59.024062+00:00,37.99347875669984,26.969287177941307,9.975649782825277,4.0,Mw-demo,Aegean synthetic cluster,SYNTHETIC_DEMO,
demo-0115,2026-06-08T02:48:22.204807+00:00,39.25132331290417,39.313557219703355,26.297577957717458,1.34,Mw-demo,Eastern Anatolia synthetic cluster,SYNTHETIC_DEMO,
demo-0213,2026-06-08T08:33:19.867738+00:00,38.457577096228846,26.840565444718607,4.411851101689982,1.87,Mw-demo,Aegean synthetic cluster,SYNTHETIC_DEMO,
demo-0449,2026-06-08T13:45:48.966977+00:00,39.22481514824047,27.46608814944254,24.072014509887765,2.08,Mw-demo,Aegean synthetic cluster,SYNTHETIC_DEMO,
demo-0461,2026-06-08T14:56:02.043365+00:00,38.04657683158143,27.421860165276996,12.19647834051132,2.73,Mw-demo,Aegean synthetic cluster,SYNTHETIC_DEMO,
demo-0271,2026-06-09T00:24:20.656611+00:00,39.436146016950794,39.22913648591021,5.056534481569817,1.76,Mw-demo,Eastern Anatolia synthetic cluster,SYNTHETIC_DEMO,
demo-0071,2026-06-09T01:40:43.302338+00:00,39.696871092241885,38.64842693711005,19.901898507697574,1.36,Mw-demo,Eastern Anatolia synthetic cluster,SYNTHETIC_DEMO,
demo-0007,2026-06-09T07:42:55.646112+00:00,40.232939773111035,39.67201297588192,7.338646404963853,1.62,Mw-demo,Eastern Anatolia synthetic cluster,SYNTHETIC_DEMO,
demo-0108,2026-06-09T09:13:43.572141+00:00,41.11391884957427,29.177492561716825,18.179839935355094,1.31,Mw-demo,Marmara synthetic cluster,SYNTHETIC_DEMO,
demo-0129,2026-06-09T10:00:33.488773+00:00,38.48926279883508,27.752996022792097,19.443452561984056,2.01,Mw-demo,Aegean synthetic cluster,SYNTHETIC_DEMO,
demo-0421,2026-06-09T10:12:33.807946+00:00,38.13516331385488,27.733876855848518,19.32862694539458,1.3,Mw-demo,Aegean synthetic cluster,SYNTHETIC_DEMO,
demo-0568,2026-06-09T12:25:59.582855+00:00,40.85688605580992,30.093247694638645,18.900034470336468,1.23,Mw-demo,Marmara synthetic cluster,SYNTHETIC_DEMO,
demo-0507,2026-06-09T13:46:06.207050+00:00,39.93927597310009,40.06667224495897,8.1976074328768,1.29,Mw-demo,Eastern Anatolia synthetic cluster,SYNTHETIC_DEMO,
demo-0528,2026-06-09T20:11:02.740372+00:00,42.06649952952849,28.95458095061092,6.906150638302252,1.28,Mw-demo,Marmara synthetic cluster,SYNTHETIC_DEMO,
demo-0396,2026-06-09T21:06:21.874862+00:00,41.373424256958906,29.802397472982268,15.287150174985687,2.35,Mw-demo,Marmara synthetic cluster,SYNTHETIC_DEMO,
demo-0357,2026-06-10T01:56:11.417635+00:00,38.53467465627757,27.17680609873701,6.11572791669027,1.73,Mw-demo,Aegean synthetic cluster,SYNTHETIC_DEMO,
demo-0521,2026-06-10T13:21:10.381826+00:00,39.0002473311227,27.900262951908594,28.963488765161,1.55,Mw-demo,Aegean synthetic cluster,SYNTHETIC_DEMO,
demo-0400,2026-06-10T13:47:25.438696+00:00,41.21762127250291,29.796845920387426,12.358939151107435,1.21,Mw-demo,Marmara synthetic cluster,SYNTHETIC_DEMO,
demo-0473,2026-06-10T18:28:09.914913+00:00,38.41540348219564,27.147314475301386,9.966473403918767,1.35,Mw-demo,Aegean synthetic cluster,SYNTHETIC_DEMO,
demo-0270,2026-06-11T00:04:22.932928+00:00,36.855859135614246,36.55726639259163,5.1761770028718885,1.96,Mw-demo,Southeast synthetic cluster,SYNTHETIC_DEMO,
demo-0320,2026-06-11T03:21:09.002451+00:00,40.12955954225557,29.049174990573047,8.492671000134054,1.93,Mw-demo,Marmara synthetic cluster,SYNTHETIC_DEMO,
demo-0591,2026-06-11T04:15:29.316075+00:00,38.21928469820543,40.13848803218361,11.686016598883391,1.34,Mw-demo,Eastern Anatolia synthetic cluster,SYNTHETIC_DEMO,
demo-0117,2026-06-11T06:27:51.106026+00:00,38.08381319505145,27.72133479085394,22.43177490792301,1.26,Mw-demo,Aegean synthetic cluster,SYNTHETIC_DEMO,
demo-0570,2026-06-11T07:30:40.675970+00:00,37.166743791106626,36.79254311983781,19.404237985280986,1.38,Mw-demo,Southeast synthetic cluster,SYNTHETIC_DEMO,
demo-0252,2026-06-11T12:07:43.644167+00:00,40.810751327309234,30.053013410884905,8.367979311664348,1.59,Mw-demo,Marmara synthetic cluster,SYNTHETIC_DEMO,
demo-0618,2026-06-12T00:12:45.675909+00:00,37.75554395596345,37.21805593589034,4.446446329021264,1.9,Mw-demo,Southeast synthetic cluster,SYNTHETIC_DEMO,
demo-0298,2026-06-12T00:23:12.735652+00:00,36.26728749536984,37.29196393865242,5.431536248490636,1.92,Mw-demo,Southeast synthetic cluster,SYNTHETIC_DEMO,
demo-0351,2026-06-12T00:45:45.276160+00:00,39.338462041835754,40.018941174661315,12.402082992089099,1.39,Mw-demo,Eastern Anatolia synthetic cluster,SYNTHETIC_DEMO,
demo-0608,2026-06-12T02:02:51.681614+00:00,41.361090328164714,29.309633652728145,15.496435195895241,2.5,Mw-demo,Marmara synthetic cluster,SYNTHETIC_DEMO,
demo-0296,2026-06-12T04:27:11.876020+00:00,40.73915753266779,29.1149482539405,5.446874672598889,2.04,Mw-demo,Marmara synthetic cluster,SYNTHETIC_DEMO,
demo-0283,2026-06-12T14:00:09.973872+00:00,40.02410898097516,38.99929314004167,17.71311198068882,1.43,Mw-demo,Eastern Anatolia synthetic cluster,SYNTHETIC_DEMO,
demo-0016,2026-06-12T17:54:38.117772+00:00,41.65119502260678,28.928952319819082,13.102805439924202,2.19,Mw-demo,Marmara synthetic cluster,SYNTHETIC_DEMO,
demo-0234,2026-06-13T00:13:23.630692+00:00,37.93835287035056,37.629872547197856,3.2947539111734567,1.4,Mw-demo,Southeast synthetic cluster,SYNTHETIC_DEMO,
demo-0291,2026-06-13T04:59:55.879774+00:00,39.391755829470924,39.92191701804963,19.067592250041578,2.31,Mw-demo,Eastern Anatolia synthetic cluster,SYNTHETIC_DEMO,
demo-0282,2026-06-13T14:23:20.223273+00:00,37.37900611623178,37.80030811526456,13.87462539017618,1.48,Mw-demo,Southeast synthetic cluster,SYNTHETIC_DEMO,
demo-0573,2026-06-13T19:44:38.141907+00:00,38.438973160303135,26.590067242422595,6.021598517692133,1.26,Mw-demo,Aegean synthetic cluster,SYNTHETIC_DEMO,
demo-0205,2026-06-14T06:47:24.139231+00:00,38.35877245470909,27.75501578547462,21.01837729620281,1.91,Mw-demo,Aegean synthetic cluster,SYNTHETIC_DEMO,
demo-0133,2026-06-14T07:14:09.362236+00:00,37.79515447642036,27.314759771956435,2.441808428728056,1.89,Mw-demo,Aegean synthetic cluster,SYNTHETIC_DEMO,
demo-0445,2026-06-14T16:55:16.437368+00:00,39.0333678930992,26.495406637644475,4.876012965095387,1.88,Mw-demo,Aegean synthetic cluster,SYNTHETIC_DEMO,
demo-0290,2026-06-14T17:27:48.804376+00:00,36.83700200763901,37.47935596972013,36.80669089208312,1.71,Mw-demo,Southeast synthetic cluster,SYNTHETIC_DEMO,
demo-0334,2026-06-14T20:20:08.669887+00:00,36.72085070533271,36.89374678870324,18.405357386771662,1.49,Mw-demo,Southeast synthetic cluster,SYNTHETIC_DEMO,
demo-0372,2026-06-14T23:29:40.654744+00:00,41.81585763982296,29.088520703219295,6.396323185237493,1.41,Mw-demo,Marmara synthetic cluster,SYNTHETIC_DEMO,
demo-0339,2026-06-15T08:21:51.557224+00:00,39.82323420759737,39.40623305421355,9.979807687214974,2.43,Mw-demo,Eastern Anatolia synthetic cluster,SYNTHETIC_DEMO,
demo-0538,2026-06-15T16:42:47.484059+00:00,36.81510899084827,36.38029757925343,5.728608460626173,1.61,Mw-demo,Southeast synthetic cluster,SYNTHETIC_DEMO,
demo-0145,2026-06-15T22:26:22.256591+00:00,38.6839875040821,26.93775844527047,3.313345362931113,3.52,Mw-demo,Aegean synthetic cluster,SYNTHETIC_DEMO,
demo-0340,2026-06-16T00:39:50.949428+00:00,40.29748218768963,29.19358914323927,22.893411152239537,1.53,Mw-demo,Marmara synthetic cluster,SYNTHETIC_DEMO,
demo-0067,2026-06-16T02:04:17.824768+00:00,39.92140365764395,39.71169812770597,5.365927343322889,1.74,Mw-demo,Eastern Anatolia synthetic cluster,SYNTHETIC_DEMO,
demo-0517,2026-06-16T03:23:04.607944+00:00,38.998001572143835,26.638050163751146,18.59824683331476,2.98,Mw-demo,Aegean synthetic cluster,SYNTHETIC_DEMO,
demo-0433,2026-06-16T07:58:36.309359+00:00,38.75024103715176,27.499517784570756,7.876735049884381,1.36,Mw-demo,Aegean synthetic cluster,SYNTHETIC_DEMO,
demo-0047,2026-06-16T08:43:16.574404+00:00,39.70510702613835,39.480188453856776,2.4544743513754343,1.99,Mw-demo,Eastern Anatolia synthetic cluster,SYNTHETIC_DEMO,
demo-0162,2026-06-16T14:53:17.252899+00:00,37.800228584344715,37.370402106634835,8.731864172374456,1.23,Mw-demo,Southeast synthetic cluster,SYNTHETIC_DEMO,
demo-0330,2026-06-16T16:08:03.115703+00:00,38.16739469895044,37.41306533817759,8.535798405466146,2.36,Mw-demo,Southeast synthetic cluster,SYNTHETIC_DEMO,
demo-0495,2026-06-16T16:29:53.631080+00:00,40.01816538703819,39.59214283989244,11.600057043073503,1.45,Mw-demo,Eastern Anatolia synthetic cluster,SYNTHETIC_DEMO,
demo-0216,2026-06-16T17:25:01.251628+00:00,41.28102615226381,29.409496046515468,21.49139131571075,1.36,Mw-demo,Marmara synthetic cluster,SYNTHETIC_DEMO,
demo-0215,2026-06-16T19:28:05.107394+00:00,39.790748623379464,39.33519492698702,14.856730287330278,2.53,Mw-demo,Eastern Anatolia synthetic cluster,SYNTHETIC_DEMO,
demo-0574,2026-06-16T21:12:33.646350+00:00,36.526558474109585,36.37118435702973,4.844565333573651,1.27,Mw-demo,Southeast synthetic cluster,SYNTHETIC_DEMO,
demo-0611,2026-06-17T03:18:50.921674+00:00,39.39354602599302,39.20939795575003,15.772487768801765,2.1,Mw-demo,Eastern Anatolia synthetic cluster,SYNTHETIC_DEMO,
demo-0139,2026-06-17T04:55:16.137475+00:00,39.188454218074405,39.65104308782559,3.23446416572997,1.75,Mw-demo,Eastern Anatolia synthetic cluster,SYNTHETIC_DEMO,
demo-0597,2026-06-17T06:55:09.143404+00:00,38.56699064381422,27.653967893957653,16.51634916177556,1.53,Mw-demo,Aegean synthetic cluster,SYNTHETIC_DEMO,
demo-0183,2026-06-17T10:38:58.848870+00:00,38.90361237874357,40.40252237994482,14.295231169767124,1.47,Mw-demo,Eastern Anatolia synthetic cluster,SYNTHETIC_DEMO,
demo-0519,2026-06-17T19:12:38.039333+00:00,39.40972447367381,39.45259644712777,5.5050966925928,2.24,Mw-demo,Eastern Anatolia synthetic cluster,SYNTHETIC_DEMO,
demo-0549,2026-06-18T01:00:37.076984+00:00,37.98581103144657,26.901304261200803,7.955763202357065,1.42,Mw-demo,Aegean synthetic cluster,SYNTHETIC_DEMO,
demo-0153,2026-06-18T04:22:27.529812+00:00,38.718622561910834,27.73573699508043,8.990170855904577,1.56,Mw-demo,Aegean synthetic cluster,SYNTHETIC_DEMO,
demo-0278,2026-06-18T05:25:40.037917+00:00,37.93738475357641,36.22648697326947,21.251596235951318,1.27,Mw-demo,Southeast synthetic cluster,SYNTHETIC_DEMO,
demo-0316,2026-06-18T05:40:46.059061+00:00,40.68224886843534,29.463163987745197,4.827587884303252,1.69,Mw-demo,Marmara synthetic cluster,SYNTHETIC_DEMO,
demo-0318,2026-06-18T08:38:43.587226+00:00,36.84714111658593,37.337116802769685,41.21803330558489,1.24,Mw-demo,Southeast synthetic cluster,SYNTHETIC_DEMO,
demo-0135,2026-06-18T09:56:36.360248+00:00,39.596782187831415,39.705419306607745,11.456458586257952,2.45,Mw-demo,Eastern Anatolia synthetic cluster,SYNTHETIC_DEMO,
demo-0585,2026-06-18T16:11:23.391793+00:00,39.09590603200478,28.19084867984533,10.317387945801961,1.41,Mw-demo,Aegean synthetic cluster,SYNTHETIC_DEMO,
demo-0181,2026-06-18T19:16:52.374043+00:00,39.5592335584638,26.264920620807114,16.780274528830226,1.29,Mw-demo,Aegean synthetic cluster,SYNTHETIC_DEMO,
demo-0300,2026-06-18T20:35:36.330975+00:00,40.5246731754019,29.646234834017456,12.60376732443421,1.3,Mw-demo,Marmara synthetic cluster,SYNTHETIC_DEMO,
demo-0079,2026-06-19T04:06:22.505913+00:00,39.30954246663412,39.40879466286547,7.22840362890263,1.42,Mw-demo,Eastern Anatolia synthetic cluster,SYNTHETIC_DEMO,
demo-0110,2026-06-19T04:46:04.983957+00:00,36.684159119462755,37.43154076987393,4.394752005067761,3.63,Mw-demo,Southeast synthetic cluster,SYNTHETIC_DEMO,
demo-0383,2026-06-19T04:48:54.863199+00:00,39.05582815958545,39.52796361240003,8.575853578144637,2.22,Mw-demo,Eastern Anatolia synthetic cluster,SYNTHETIC_DEMO,
demo-0525,2026-06-19T13:54:45.683613+00:00,38.72627202286276,26.908430112398776,14.56910434561324,1.24,Mw-demo,Aegean synthetic cluster,SYNTHETIC_DEMO,
demo-0293,2026-06-19T17:46:02.855424+00:00,38.58008721318917,27.98417308853325,16.101580172917263,1.64,Mw-demo,Aegean synthetic cluster,SYNTHETIC_DEMO,
demo-0231,2026-06-20T01:40:00.907514+00:00,39.12400005745566,39.73501538234651,4.844412373645931,1.25,Mw-demo,Eastern Anatolia synthetic cluster,SYNTHETIC_DEMO,
demo-0034,2026-06-20T07:29:36.467347+00:00,37.17368174793832,37.09648650798689,1.0,1.27,Mw-demo,Southeast synthetic cluster,SYNTHETIC_DEMO,
demo-0126,2026-06-20T12:00:30.613967+00:00,37.53733971438462,37.0860176302067,8.06037805009901,1.68,Mw-demo,Southeast synthetic cluster,SYNTHETIC_DEMO,
demo-0432,2026-06-20T20:52:42.040746+00:00,40.79123995178886,28.413817165814333,7.853969918093802,1.8,Mw-demo,Marmara synthetic cluster,SYNTHETIC_DEMO,
demo-0019,2026-06-20T21:00:06.363338+00:00,39.3312880312039,39.47180098605109,8.612557786572255,2.21,Mw-demo,Eastern Anatolia synthetic cluster,SYNTHETIC_DEMO,
demo-0179,2026-06-20T21:13:50.477278+00:00,39.34577832628075,38.84566872251094,7.102149986950468,1.59,Mw-demo,Eastern Anatolia synthetic cluster,SYNTHETIC_DEMO,
demo-0405,2026-06-21T00:13:20.880125+00:00,38.720167317223215,27.32867484352444,9.071558602565075,1.48,Mw-demo,Aegean synthetic cluster,SYNTHETIC_DEMO,
demo-0589,2026-06-21T08:54:20.925790+00:00,38.39864329087959,26.93288978990485,4.910017313479641,1.51,Mw-demo,Aegean synthetic cluster,SYNTHETIC_DEMO,
demo-0097,2026-06-21T12:08:00.010654+00:00,38.62368722063604,27.94088261212617,5.652663911821747,1.37,Mw-demo,Aegean synthetic cluster,SYNTHETIC_DEMO,
demo-0494,2026-06-21T14:06:24.328331+00:00,36.969115731283644,35.728251689332275,9.27821844734575,1.22,Mw-demo,Southeast synthetic cluster,SYNTHETIC_DEMO,
demo-0130,2026-06-21T14:56:17.781200+00:00,38.180936808999014,37.645614973591165,10.380833872204486,1.3,Mw-demo,Southeast synthetic cluster,SYNTHETIC_DEMO,
demo-0245,2026-06-22T00:00:17.486422+00:00,37.7573509902607,27.135781639780173,1.7682620066412966,1.54,Mw-demo,Aegean synthetic cluster,SYNTHETIC_DEMO,
demo-0317,2026-06-22T03:33:20.793569+00:00,38.65474465310114,27.66660085910941,6.825886743370236,1.4,Mw-demo,Aegean synthetic cluster,SYNTHETIC_DEMO,
demo-0002,2026-06-22T04:31:46.137056+00:00,37.544136972565276,36.869675502689645,6.325263124371275,1.35,Mw-demo,Southeast synthetic cluster,SYNTHETIC_DEMO,
demo-0279,2026-06-22T11:42:51.250767+00:00,39.11053589741828,40.20000536704755,9.025616745132705,1.71,Mw-demo,Eastern Anatolia synthetic cluster,SYNTHETIC_DEMO,
demo-0246,2026-06-23T02:48:53.565768+00:00,37.953144148099156,36.946980146998484,11.349821801812038,1.24,Mw-demo,Southeast synthetic cluster,SYNTHETIC_DEMO,
demo-0534,2026-06-23T10:19:49.110427+00:00,36.96636767177574,36.950267408568735,1.5682302797460197,1.82,Mw-demo,Southeast synthetic cluster,SYNTHETIC_DEMO,
demo-0256,2026-06-23T11:00:07.419626+00:00,41.4154432014194,28.135571202889007,6.563070640136777,1.47,Mw-demo,Marmara synthetic cluster,SYNTHETIC_DEMO,
demo-0453,2026-06-23T14:16:54.257836+00:00,38.69156982816344,26.892203649322102,17.482963790172125,1.34,Mw-demo,Aegean synthetic cluster,SYNTHETIC_DEMO,
demo-0613,2026-06-23T14:50:08.283407+00:00,38.42815961163098,26.448502548603333,16.401430108060634,1.62,Mw-demo,Aegean synthetic cluster,SYNTHETIC_DEMO,
demo-0586,2026-06-23T17:40:02.740191+00:00,37.320013362160935,37.608365183902166,16.35376724367271,1.92,Mw-demo,Southeast synthetic cluster,SYNTHETIC_DEMO,
demo-0107,2026-06-23T22:34:01.010585+00:00,39.53977785377881,38.6848324937724,13.945654938901935,1.26,Mw-demo,Eastern Anatolia synthetic cluster,SYNTHETIC_DEMO,
demo-0551,2026-06-24T10:25:09.136798+00:00,39.785116255511824,39.65450680903928,3.853057560555774,1.28,Mw-demo,Eastern Anatolia synthetic cluster,SYNTHETIC_DEMO,
demo-0207,2026-06-24T18:40:26.216104+00:00,39.69326607839004,38.90365012683179,10.211452572605952,1.35,Mw-demo,Eastern Anatolia synthetic cluster,SYNTHETIC_DEMO,
demo-0465,2026-06-25T01:24:42.871301+00:00,39.15547715158428,27.076430010834,3.6511411256022366,1.36,Mw-demo,Aegean synthetic cluster,SYNTHETIC_DEMO,
demo-0352,2026-06-25T04:13:11.619817+00:00,40.2995647814195,28.94571919456035,7.502927275105834,3.76,Mw-demo,Marmara synthetic cluster,SYNTHETIC_DEMO,
demo-0606,2026-06-25T06:09:38.824575+00:00,37.56167852172582,36.72741618263502,11.314807118823994,1.29,Mw-demo,Southeast synthetic cluster,SYNTHETIC_DEMO,
demo-0463,2026-06-25T12:31:38.483731+00:00,39.236990134638354,39.69523702268232,7.8752551645414695,1.4,Mw-demo,Eastern Anatolia synthetic cluster,SYNTHETIC_DEMO,
demo-0518,2026-06-25T18:31:43.585174+00:00,37.310132757688685,36.39347602326153,3.7815222124281433,1.51,Mw-demo,Southeast synthetic cluster,SYNTHETIC_DEMO,
demo-0380,2026-06-25T20:18:14.489267+00:00,40.590416016808895,28.93296001289531,6.704683772262435,1.5,Mw-demo,Marmara synthetic cluster,SYNTHETIC_DEMO,
demo-0468,2026-06-26T00:51:05.429567+00:00,41.2999590428784,30.220816719724855,1.0,1.41,Mw-demo,Marmara synthetic cluster,SYNTHETIC_DEMO,
demo-0232,2026-06-26T02:59:10.951260+00:00,40.6152570634869,28.654846038969325,16.058437121400683,1.23,Mw-demo,Marmara synthetic cluster,SYNTHETIC_DEMO,
demo-0417,2026-06-26T08:21:56.078094+00:00,38.16806035381761,27.221489699282206,8.22319700721961,1.48,Mw-demo,Aegean synthetic cluster,SYNTHETIC_DEMO,
demo-0186,2026-06-26T12:12:28.948446+00:00,37.603004064264695,37.112520060193475,16.914930882202196,1.71,Mw-demo,Southeast synthetic cluster,SYNTHETIC_DEMO,
demo-0406,2026-06-26T14:20:20.235869+00:00,37.00688598878959,37.66386456410926,6.655808366643012,3.45,Mw-demo,Southeast synthetic cluster,SYNTHETIC_DEMO,
demo-0160,2026-06-26T21:09:24.171026+00:00,40.99242881834385,30.27906087298468,10.244320718792574,2.05,Mw-demo,Marmara synthetic cluster,SYNTHETIC_DEMO,
demo-0552,2026-06-27T08:04:11.143277+00:00,41.0486965409069,28.296002622915175,2.493590819251292,1.35,Mw-demo,Marmara synthetic cluster,SYNTHETIC_DEMO,
demo-0490,2026-06-27T13:11:07.464334+00:00,37.85127188394802,36.997826801051175,10.95538209463128,1.49,Mw-demo,Southeast synthetic cluster,SYNTHETIC_DEMO,
demo-0363,2026-06-27T14:29:35.634689+00:00,39.584099184772015,39.768421403241064,13.561953579111243,2.59,Mw-demo,Eastern Anatolia synthetic cluster,SYNTHETIC_DEMO,
demo-0062,2026-06-28T04:54:51.805944+00:00,37.73346066739482,37.37053753220713,31.210411874091925,1.94,Mw-demo,Southeast synthetic cluster,SYNTHETIC_DEMO,
demo-0347,2026-06-28T18:03:09.883285+00:00,38.92894536957666,39.44651459497208,8.315432030932943,1.37,Mw-demo,Eastern Anatolia synthetic cluster,SYNTHETIC_DEMO,
demo-0028,2026-06-28T22:10:12.315649+00:00,41.17974350797263,28.840523586981995,12.065118172567276,1.46,Mw-demo,Marmara synthetic cluster,SYNTHETIC_DEMO,
demo-0537,2026-06-29T05:52:02.548195+00:00,38.13740431869952,26.88702758104654,14.257484671561619,2.45,Mw-demo,Aegean synthetic cluster,SYNTHETIC_DEMO,
demo-0593,2026-06-29T13:47:50.238161+00:00,38.78649532381545,27.660609099708953,16.30635112778573,1.92,Mw-demo,Aegean synthetic cluster,SYNTHETIC_DEMO,
demo-0567,2026-06-29T16:03:57.450980+00:00,38.95676372071713,40.375236919040184,18.764513621912005,1.76,Mw-demo,Eastern Anatolia synthetic cluster,SYNTHETIC_DEMO,
demo-0124,2026-06-29T21:08:15.379337+00:00,41.21647814089259,29.81278410432733,3.4151451230850807,1.65,Mw-demo,Marmara synthetic cluster,SYNTHETIC_DEMO,
demo-0398,2026-06-30T01:03:09.778567+00:00,36.925279405614276,37.21291226465966,6.37839121271169,1.58,Mw-demo,Southeast synthetic cluster,SYNTHETIC_DEMO,
demo-0529,2026-06-30T03:45:53.020329+00:00,38.2947364670934,28.02775426286416,8.763953362615231,1.36,Mw-demo,Aegean synthetic cluster,SYNTHETIC_DEMO,
demo-0260,2026-06-30T06:31:24.200015+00:00,40.74505899130333,30.109381609400472,6.264836786101149,1.44,Mw-demo,Marmara synthetic cluster,SYNTHETIC_DEMO,
demo-0212,2026-06-30T09:22:14.283995+00:00,41.20711603497787,29.793724180030324,1.723331250245914,1.25,Mw-demo,Marmara synthetic cluster,SYNTHETIC_DEMO,
demo-0038,2026-06-30T10:33:25.041478+00:00,37.70846997083008,36.540262145678135,18.774879966063324,1.98,Mw-demo,Southeast synthetic cluster,SYNTHETIC_DEMO,
demo-0257,2026-06-30T15:20:40.804552+00:00,38.49242771416523,27.50341135093455,7.827774023756112,1.32,Mw-demo,Aegean synthetic cluster,SYNTHETIC_DEMO,
demo-0389,2026-06-30T15:27:43.604827+00:00,38.327166808780326,26.189736320776277,5.862336173099533,1.71,Mw-demo,Aegean synthetic cluster,SYNTHETIC_DEMO,
demo-0094,2026-06-30T15:42:05.049407+00:00,37.42105623277513,37.35705403114913,6.472475727754413,1.21,Mw-demo,Southeast synthetic cluster,SYNTHETIC_DEMO,
demo-0545,2026-06-30T16:15:36.943121+00:00,38.13703661767614,26.527813692988403,4.230467831567796,1.86,Mw-demo,Aegean synthetic cluster,SYNTHETIC_DEMO,
demo-0362,2026-06-30T16:50:18.906781+00:00,36.925168381773624,36.55826368083003,5.945236243945727,1.21,Mw-demo,Southeast synthetic cluster,SYNTHETIC_DEMO,
demo-0174,2026-06-30T19:16:28.397727+00:00,37.62780521966257,37.09606161708871,8.540288219441011,2.36,Mw-demo,Southeast synthetic cluster,SYNTHETIC_DEMO,
demo-0384,2026-06-30T23:24:45.482733+00:00,40.98691240118939,28.999798081680296,1.0,1.35,Mw-demo,Marmara synthetic cluster,SYNTHETIC_DEMO,
demo-0242,2026-07-01T03:31:56.558360+00:00,36.579362964609956,36.64431771841656,8.231265785758941,2.03,Mw-demo,Southeast synthetic cluster,SYNTHETIC_DEMO,
demo-0335,2026-07-01T04:12:08.095935+00:00,39.75084271810813,40.13122353738228,3.878870103404315,1.61,Mw-demo,Eastern Anatolia synthetic cluster,SYNTHETIC_DEMO,
demo-0203,2026-07-01T12:08:57.094727+00:00,39.16726822483461,39.29424161397668,1.0,1.67,Mw-demo,Eastern Anatolia synthetic cluster,SYNTHETIC_DEMO,
demo-0184,2026-07-01T20:56:39.976507+00:00,41.052464469900016,30.10646588332298,4.017055592403392,1.64,Mw-demo,Marmara synthetic cluster,SYNTHETIC_DEMO,
demo-0078,2026-07-02T04:09:02.552828+00:00,37.70720597054182,36.28422746460721,8.129665858096839,1.63,Mw-demo,Southeast synthetic cluster,SYNTHETIC_DEMO,
demo-0200,2026-07-02T12:56:40.580345+00:00,40.213721400799685,29.456953499771057,3.9124680918618506,3.02,Mw-demo,Marmara synthetic cluster,SYNTHETIC_DEMO,
demo-0249,2026-07-02T14:02:43.249941+00:00,38.33963386689216,26.48376003198712,9.03214229680884,3.56,Mw-demo,Aegean synthetic cluster,SYNTHETIC_DEMO,
demo-0243,2026-07-02T16:23:12.402177+00:00,40.02358486544918,39.08577231992181,2.1740150665859614,1.54,Mw-demo,Eastern Anatolia synthetic cluster,SYNTHETIC_DEMO,
demo-0221,2026-07-03T05:08:03.696243+00:00,38.89840105264099,26.735152770463113,10.98797687563381,3.06,Mw-demo,Aegean synthetic cluster,SYNTHETIC_DEMO,
demo-0012,2026-07-03T05:20:08.381547+00:00,41.080686156141134,28.956952497070287,16.04463485296066,1.94,Mw-demo,Marmara synthetic cluster,SYNTHETIC_DEMO,
demo-0395,2026-07-04T10:13:17.281026+00:00,39.96020005411791,38.58486035580219,26.785898100469527,1.33,Mw-demo,Eastern Anatolia synthetic cluster,SYNTHETIC_DEMO,
demo-0308,2026-07-04T19:53:49.442001+00:00,40.91000104330716,27.966003254547275,9.798525750181247,1.45,Mw-demo,Marmara synthetic cluster,SYNTHETIC_DEMO,
demo-0137,2026-07-04T20:18:17.496153+00:00,38.51253296047212,27.46353161866759,7.265658030260567,2.48,Mw-demo,Aegean synthetic cluster,SYNTHETIC_DEMO,
demo-0488,2026-07-04T22:34:42.408657+00:00,40.629930340765384,28.76559183788371,4.110797078029139,2.27,Mw-demo,Marmara synthetic cluster,SYNTHETIC_DEMO,
demo-0420,2026-07-04T23:40:40.414022+00:00,41.1374028564815,28.814595264437262,20.382563509434505,1.9,Mw-demo,Marmara synthetic cluster,SYNTHETIC_DEMO,
demo-0000,2026-07-05T03:04:32.493140+00:00,41.171698002606966,29.54811722223941,13.431588758404565,1.57,Mw-demo,Marmara synthetic cluster,SYNTHETIC_DEMO,
demo-0343,2026-07-05T03:47:42.190644+00:00,39.88291324661357,40.21685945517116,2.252675613127034,2.25,Mw-demo,Eastern Anatolia synthetic cluster,SYNTHETIC_DEMO,
demo-0305,2026-07-05T10:42:00.769822+00:00,37.66577385616719,28.072530342255664,4.384192382626862,2.19,Mw-demo,Aegean synthetic cluster,SYNTHETIC_DEMO,
demo-0374,2026-07-05T16:35:51.489334+00:00,37.16128667266219,37.90523212769015,4.928331383054498,1.49,Mw-demo,Southeast synthetic cluster,SYNTHETIC_DEMO,
demo-0439,2026-07-05T18:34:47.644307+00:00,39.955507275801466,38.52992289958005,5.443235445758773,1.39,Mw-demo,Eastern Anatolia synthetic cluster,SYNTHETIC_DEMO,
demo-0198,2026-07-05T19:10:15.621150+00:00,37.68894637829529,37.65542915360718,10.029436636021813,1.55,Mw-demo,Southeast synthetic cluster,SYNTHETIC_DEMO,
demo-0327,2026-07-06T06:17:55.514665+00:00,39.62130181734139,40.16577571051804,34.24847931902654,1.7,Mw-demo,Eastern Anatolia synthetic cluster,SYNTHETIC_DEMO,
demo-0171,2026-07-06T13:51:28.561006+00:00,38.87750744480638,40.13275921762297,11.489758096703403,2.01,Mw-demo,Eastern Anatolia synthetic cluster,SYNTHETIC_DEMO,
demo-0541,2026-07-06T15:07:33.261276+00:00,37.54259175478266,25.762515557166623,10.620211303395704,1.76,Mw-demo,Aegean synthetic cluster,SYNTHETIC_DEMO,
demo-0485,2026-07-06T18:14:34.341747+00:00,38.85306155771211,26.874947487555566,15.891160912122439,1.4,Mw-demo,Aegean synthetic cluster,SYNTHETIC_DEMO,
demo-0262,2026-07-07T03:51:47.721688+00:00,37.444693431745506,37.32273922489719,5.632821187385964,1.99,Mw-demo,Southeast synthetic cluster,SYNTHETIC_DEMO,
demo-0491,2026-07-07T04:34:06.127859+00:00,39.33098847354655,39.995494634660616,4.904599499994359,1.55,Mw-demo,Eastern Anatolia synthetic cluster,SYNTHETIC_DEMO,
demo-0484,2026-07-07T06:27:34.845966+00:00,40.87761042259799,28.496829719868852,6.120394719479759,1.45,Mw-demo,Marmara synthetic cluster,SYNTHETIC_DEMO,
demo-0321,2026-07-07T07:50:02.629251+00:00,39.02239055107904,28.324177783119868,1.6604053253410775,1.48,Mw-demo,Aegean synthetic cluster,SYNTHETIC_DEMO,
demo-0569,2026-07-08T09:20:22.331400+00:00,38.341288212682585,27.287657423415883,10.440893078350301,1.68,Mw-demo,Aegean synthetic cluster,SYNTHETIC_DEMO,
demo-0241,2026-07-08T10:38:23.671578+00:00,38.59635056834736,26.974738301541976,17.36716751588703,2.15,Mw-demo,Aegean synthetic cluster,SYNTHETIC_DEMO,
demo-0240,2026-07-08T11:47:08.451318+00:00,40.55719274877688,29.374586479282886,5.94006743649225,2.77,Mw-demo,Marmara synthetic cluster,SYNTHETIC_DEMO,
demo-0254,2026-07-08T12:23:43.726481+00:00,37.53122596283172,37.83783078108284,18.012094393511482,1.33,Mw-demo,Southeast synthetic cluster,SYNTHETIC_DEMO,
demo-0598,2026-07-08T17:45:46.175623+00:00,37.93386900246654,36.90761327433655,13.850068296301485,1.68,Mw-demo,Southeast synthetic cluster,SYNTHETIC_DEMO,
demo-0478,2026-07-09T11:18:59.352147+00:00,37.240042937897364,36.663313300564404,3.872185809998587,2.15,Mw-demo,Southeast synthetic cluster,SYNTHETIC_DEMO,
demo-0140,2026-07-10T09:25:58.703897+00:00,40.120609188439886,29.91419315344397,20.849478284518355,1.8,Mw-demo,Marmara synthetic cluster,SYNTHETIC_DEMO,
demo-0176,2026-07-10T20:10:44.685189+00:00,40.4162095967957,28.8224319521121,8.896712903479818,1.36,Mw-demo,Marmara synthetic cluster,SYNTHETIC_DEMO,
demo-0009,2026-07-10T23:27:12.364403+00:00,38.006791782185566,27.39913289213727,4.316426295296268,3.51,Mw-demo,Aegean synthetic cluster,SYNTHETIC_DEMO,
demo-0154,2026-07-11T00:09:29.273138+00:00,37.72221012117959,37.1484156115645,3.709069201971997,2.03,Mw-demo,Southeast synthetic cluster,SYNTHETIC_DEMO,
demo-0438,2026-07-11T00:57:32.876821+00:00,37.38205462831558,36.694764014080064,28.66443105251035,1.21,Mw-demo,Southeast synthetic cluster,SYNTHETIC_DEMO,
demo-0106,2026-07-11T01:51:09.215092+00:00,37.03521551361805,37.25005844724391,7.740449006916114,1.48,Mw-demo,Southeast synthetic cluster,SYNTHETIC_DEMO,
demo-0138,2026-07-11T05:58:21.081194+00:00,37.16896911286424,37.71812952156198,17.497267199332658,2.12,Mw-demo,Southeast synthetic cluster,SYNTHETIC_DEMO,
demo-0196,2026-07-11T06:03:46.915413+00:00,40.97682887481104,28.066460702662848,6.728221362450663,1.28,Mw-demo,Marmara synthetic cluster,SYNTHETIC_DEMO,
demo-0157,2026-07-11T10:38:32.965471+00:00,38.57478174824974,26.965656051836234,9.465312759059266,1.23,Mw-demo,Aegean synthetic cluster,SYNTHETIC_DEMO,
demo-0381,2026-07-11T13:12:40.116660+00:00,38.22488001851413,26.79172615967173,15.145930614301488,2.23,Mw-demo,Aegean synthetic cluster,SYNTHETIC_DEMO,
demo-0218,2026-07-12T01:07:29.926991+00:00,37.46567396835214,36.64712203342341,16.480413465244006,1.28,Mw-demo,Southeast synthetic cluster,SYNTHETIC_DEMO,
demo-0504,2026-07-12T05:19:08.348099+00:00,40.36250503768113,29.63879507607209,2.4864552008856093,1.77,Mw-demo,Marmara synthetic cluster,SYNTHETIC_DEMO,
demo-0386,2026-07-12T08:11:55.659526+00:00,37.65762304505426,36.830843488495056,5.893155163280956,2.75,Mw-demo,Southeast synthetic cluster,SYNTHETIC_DEMO,
demo-0001,2026-07-12T10:26:58.403490+00:00,38.03076775889825,26.433650649010534,23.438026330725396,1.38,Mw-demo,Aegean synthetic cluster,SYNTHETIC_DEMO,
demo-0219,2026-07-12T11:43:00.008488+00:00,40.290220477890685,40.19966341508089,1.0,1.82,Mw-demo,Eastern Anatolia synthetic cluster,SYNTHETIC_DEMO,
demo-0358,2026-07-13T00:49:25.321794+00:00,37.34416207810798,36.76229223682676,10.569019459845663,1.33,Mw-demo,Southeast synthetic cluster,SYNTHETIC_DEMO,
demo-0236,2026-07-13T01:09:53.813586+00:00,40.67255515633905,29.6936072843894,12.873536306234966,1.59,Mw-demo,Marmara synthetic cluster,SYNTHETIC_DEMO,
demo-0326,2026-07-13T04:40:44.923129+00:00,36.835115876843545,37.20440016234878,5.612046233073366,2.16,Mw-demo,Southeast synthetic cluster,SYNTHETIC_DEMO,
demo-0412,2026-07-13T06:00:14.686926+00:00,40.95565608032714,29.80600944084624,1.0,1.87,Mw-demo,Marmara synthetic cluster,SYNTHETIC_DEMO,
demo-0457,2026-07-13T13:48:01.746909+00:00,39.19389231279464,26.826569680304218,13.649696361292717,1.66,Mw-demo,Aegean synthetic cluster,SYNTHETIC_DEMO,
demo-0304,2026-07-13T16:32:45.070372+00:00,40.83475227490735,29.035713584178346,13.104343125672504,1.27,Mw-demo,Marmara synthetic cluster,SYNTHETIC_DEMO,
demo-0323,2026-07-13T18:52:31.155619+00:00,40.222020952097296,39.90469880011889,2.5910661246808515,1.73,Mw-demo,Eastern Anatolia synthetic cluster,SYNTHETIC_DEMO,
demo-0084,2026-07-14T06:02:23.655487+00:00,41.35152819558834,28.07043967415227,3.4915280202458945,1.9,Mw-demo,Marmara synthetic cluster,SYNTHETIC_DEMO,
demo-0268,2026-07-14T06:21:04.301048+00:00,40.935043364761235,29.028589824228174,21.87150528948356,3.54,Mw-demo,Marmara synthetic cluster,SYNTHETIC_DEMO,
demo-0446,2026-07-14T06:27:32.538525+00:00,36.946962512510005,37.557772776079055,17.837714621803062,2.15,Mw-demo,Southeast synthetic cluster,SYNTHETIC_DEMO,
demo-0302,2026-07-15T04:21:23.116627+00:00,36.513866326900335,37.63695359092443,8.836685205594696,1.59,Mw-demo,Southeast synthetic cluster,SYNTHETIC_DEMO,
demo-0324,2026-07-15T08:34:55.905898+00:00,41.12972694662807,28.80502099798017,13.145712551655098,2.62,Mw-demo,Marmara synthetic cluster,SYNTHETIC_DEMO,
demo-0542,2026-07-15T13:05:13.469888+00:00,37.61234216304659,37.58050595999143,1.234595403563061,1.66,Mw-demo,Southeast synthetic cluster,SYNTHETIC_DEMO,
demo-0164,2026-07-15T16:39:17.557505+00:00,40.48342431727899,30.065955229074365,13.739520030593235,1.36,Mw-demo,Marmara synthetic cluster,SYNTHETIC_DEMO,
demo-0434,2026-07-15T18:02:20.347801+00:00,36.89656721740323,36.66703959250607,4.8164798884987094,2.66,Mw-demo,Southeast synthetic cluster,SYNTHETIC_DEMO,
demo-0503,2026-07-16T02:08:11.513833+00:00,39.8761411487225,39.23617240289474,6.407279042936998,1.39,Mw-demo,Eastern Anatolia synthetic cluster,SYNTHETIC_DEMO,
demo-0557,2026-07-16T04:07:22.024717+00:00,38.737743095338914,26.675970761171037,33.78216087686742,1.54,Mw-demo,Aegean synthetic cluster,SYNTHETIC_DEMO,
demo-0180,2026-07-16T11:13:15.013419+00:00,41.144932453720145,29.32402633083492,15.370623222254016,1.25,Mw-demo,Marmara synthetic cluster,SYNTHETIC_DEMO,
demo-0228,2026-07-16T13:31:51.183471+00:00,40.66423653327757,29.204034140184344,14.284295263717844,1.25,Mw-demo,Marmara synthetic cluster,SYNTHETIC_DEMO,
demo-0158,2026-07-16T13:56:58.333265+00:00,37.9732938408178,37.48070620061144,7.104882790085929,1.26,Mw-demo,Southeast synthetic cluster,SYNTHETIC_DEMO,
demo-0360,2026-07-16T17:12:27.994266+00:00,40.971315787547205,29.74058188370987,12.622411340004344,1.49,Mw-demo,Marmara synthetic cluster,SYNTHETIC_DEMO,
demo-0480,2026-07-16T22:41:44.346881+00:00,40.53832043078289,29.82150897409616,23.77107350482417,2.31,Mw-demo,Marmara synthetic cluster,SYNTHETIC_DEMO,
demo-0014,2026-07-17T02:36:07.301593+00:00,37.94844335332423,37.88143513496263,15.804225596920217,1.22,Mw-demo,Southeast synthetic cluster,SYNTHETIC_DEMO,
demo-0136,2026-07-17T03:37:10.450747+00:00,40.503629186278104,28.482898447733493,7.258598725451889,1.35,Mw-demo,Marmara synthetic cluster,SYNTHETIC_DEMO,
demo-0264,2026-07-17T07:12:28.259960+00:00,40.7688415762403,29.651125044644587,10.527846112210337,2.08,Mw-demo,Marmara synthetic cluster,SYNTHETIC_DEMO,
demo-0409,2026-07-17T15:57:25.177200+00:00,37.976780969832525,27.543997288265814,12.921617437714314,3.93,Mw-demo,Aegean synthetic cluster,SYNTHETIC_DEMO,
demo-0297,2026-07-17T17:25:35.830357+00:00,38.64047022795099,27.35417882000516,19.58101202563613,2.56,Mw-demo,Aegean synthetic cluster,SYNTHETIC_DEMO,
demo-0444,2026-07-17T17:27:15.463786+00:00,40.27188384956963,28.972576227149414,11.277751189505139,1.43,Mw-demo,Marmara synthetic cluster,SYNTHETIC_DEMO,
demo-0612,2026-07-17T20:16:31.329492+00:00,41.28588814398721,28.801090730653417,3.3907312542116133,1.35,Mw-demo,Marmara synthetic cluster,SYNTHETIC_DEMO,
demo-0141,2026-07-18T00:08:21.889550+00:00,37.56305867526358,28.2839820418855,11.720015354565012,1.64,Mw-demo,Aegean synthetic cluster,SYNTHETIC_DEMO,
demo-0397,2026-07-18T04:12:48.356439+00:00,39.10017365469696,27.002039602398597,14.570313589691906,2.95,Mw-demo,Aegean synthetic cluster,SYNTHETIC_DEMO,
demo-0208,2026-07-18T05:23:00.752277+00:00,40.93878101918818,29.837578761289972,4.161030829679422,2.74,Mw-demo,Marmara synthetic cluster,SYNTHETIC_DEMO,
demo-0408,2026-07-18T14:11:32.456261+00:00,41.151870558512094,29.03331062110746,13.358063561626798,1.28,Mw-demo,Marmara synthetic cluster,SYNTHETIC_DEMO,
demo-0423,2026-07-19T00:26:36.020060+00:00,39.79484790527388,40.90093673275986,18.101059821394426,2.42,Mw-demo,Eastern Anatolia synthetic cluster,SYNTHETIC_DEMO,
demo-0474,2026-07-19T03:41:31.203003+00:00,37.36114172356111,36.84914119620412,25.814065432642003,2.96,Mw-demo,Southeast synthetic cluster,SYNTHETIC_DEMO,
demo-0530,2026-07-19T21:11:25.196768+00:00,37.62896156484363,37.27768564276777,2.661832964493889,1.97,Mw-demo,Southeast synthetic cluster,SYNTHETIC_DEMO,
demo-0191,2026-07-20T00:37:47.518029+00:00,39.92990692356768,39.602849178877726,8.666296974851056,1.81,Mw-demo,Eastern Anatolia synthetic cluster,SYNTHETIC_DEMO,
demo-0575,2026-07-20T00:57:14.861999+00:00,39.69066208137132,39.22560776180513,22.600131127906803,1.8,Mw-demo,Eastern Anatolia synthetic cluster,SYNTHETIC_DEMO,
demo-0429,2026-07-20T01:00:18.548916+00:00,38.70170600032439,27.434945662161603,12.152585782161157,2.92,Mw-demo,Aegean synthetic cluster,SYNTHETIC_DEMO,
demo-0344,2026-07-20T01:05:07.213046+00:00,40.37957859963034,29.759928251792683,8.89233885778688,1.31,Mw-demo,Marmara synthetic cluster,SYNTHETIC_DEMO,
demo-0592,2026-07-20T01:26:07.919335+00:00,41.60780247562493,28.512233869740736,15.453685329493595,2.44,Mw-demo,Marmara synthetic cluster,SYNTHETIC_DEMO,
demo-0112,2026-07-20T07:49:54.886753+00:00,40.64448529681082,29.08273186952665,6.445693272459299,1.4,Mw-demo,Marmara synthetic cluster,SYNTHETIC_DEMO,
demo-0103,2026-07-20T18:31:03.094775+00:00,40.0289999639604,38.95935418506588,1.9875569625362073,1.37,Mw-demo,Eastern Anatolia synthetic cluster,SYNTHETIC_DEMO,
demo-0333,2026-07-20T19:26:51.563335+00:00,37.69142438904957,26.786489941620665,22.418989349379487,1.95,Mw-demo,Aegean synthetic cluster,SYNTHETIC_DEMO,
demo-0523,2026-07-20T19:27:14.126935+00:00,40.29648226789696,40.26536668872274,9.189224379801384,1.3,Mw-demo,Eastern Anatolia synthetic cluster,SYNTHETIC_DEMO,
demo-0064,2026-07-20T20:34:04.479087+00:00,41.05004551457075,29.364739442361998,12.930337041580307,1.63,Mw-demo,Marmara synthetic cluster,SYNTHETIC_DEMO,
demo-0590,2026-07-21T01:44:43.148393+00:00,38.03010863458959,38.191616011158814,18.273090584463088,2.72,Mw-demo,Southeast synthetic cluster,SYNTHETIC_DEMO,
demo-0096,2026-07-21T07:05:44.947322+00:00,40.76789083169036,29.1227426535748,2.550603751176233,1.29,Mw-demo,Marmara synthetic cluster,SYNTHETIC_DEMO,
demo-0199,2026-07-21T09:35:07.010671+00:00,39.33412134984383,39.92237775938,11.369784339422461,2.6,Mw-demo,Eastern Anatolia synthetic cluster,SYNTHETIC_DEMO,
demo-0554,2026-07-21T10:53:32.701165+00:00,36.78943194178198,36.527206161081466,19.752818642421776,1.56,Mw-demo,Southeast synthetic cluster,SYNTHETIC_DEMO,
demo-0565,2026-07-21T15:19:22.325630+00:00,38.46507373174884,27.576043375011114,10.706865559848648,1.71,Mw-demo,Aegean synthetic cluster,SYNTHETIC_DEMO,
demo-0099,2026-07-22T02:40:39.396980+00:00,39.926711628853646,38.83829286445111,14.868846703080395,1.81,Mw-demo,Eastern Anatolia synthetic cluster,SYNTHETIC_DEMO,
demo-0201,2026-07-22T05:52:59.405227+00:00,38.18788986069227,26.50055082988088,12.51871436133044,2.15,Mw-demo,Aegean synthetic cluster,SYNTHETIC_DEMO,
demo-0571,2026-07-22T09:31:23.735649+00:00,40.12990314303918,39.58600808431325,5.776074685485943,1.24,Mw-demo,Eastern Anatolia synthetic cluster,SYNTHETIC_DEMO,
demo-0577,2026-07-22T13:40:58.101924+00:00,38.275125952075456,26.604714824343553,6.960930160081652,1.27,Mw-demo,Aegean synthetic cluster,SYNTHETIC_DEMO,
demo-0329,2026-07-22T22:42:39.387580+00:00,38.6187566380843,27.485208208501277,9.957311772794828,1.8,Mw-demo,Aegean synthetic cluster,SYNTHETIC_DEMO,
demo-0255,2026-07-22T22:44:57.590561+00:00,39.957022412990604,38.95289333012983,33.083374678257314,2.56,Mw-demo,Eastern Anatolia synthetic cluster,SYNTHETIC_DEMO,
demo-0540,2026-07-23T00:01:13.943090+00:00,40.99429735284646,28.994549634226527,5.490643810166051,1.31,Mw-demo,Marmara synthetic cluster,SYNTHETIC_DEMO,
demo-0615,2026-07-23T02:33:39.496548+00:00,39.46426450517562,39.45452060056475,24.411820047854146,1.72,Mw-demo,Eastern Anatolia synthetic cluster,SYNTHETIC_DEMO,
demo-0532,2026-07-23T13:45:17.008292+00:00,41.50934389301752,28.669653795531314,21.866164780288123,1.44,Mw-demo,Marmara synthetic cluster,SYNTHETIC_DEMO,
demo-0027,2026-07-23T17:50:52.652622+00:00,40.440147574777754,38.93266899952535,13.932817819174787,1.45,Mw-demo,Eastern Anatolia synthetic cluster,SYNTHETIC_DEMO,
demo-0172,2026-07-23T19:55:17.164647+00:00,41.059084652412146,28.737219150249018,7.070079190208619,1.37,Mw-demo,Marmara synthetic cluster,SYNTHETIC_DEMO,
demo-0177,2026-07-23T22:20:11.025997+00:00,38.77284955451726,27.52630807434797,11.911259797471992,1.37,Mw-demo,Aegean synthetic cluster,SYNTHETIC_DEMO,
demo-0194,2026-07-24T06:12:45.618035+00:00,37.07952436250606,36.51858901324652,27.205865409753667,1.34,Mw-demo,Southeast synthetic cluster,SYNTHETIC_DEMO,
demo-0165,2026-07-24T06:45:26.372560+00:00,37.925306895476716,27.010545909578614,1.2564848721566744,2.3,Mw-demo,Aegean synthetic cluster,SYNTHETIC_DEMO,
demo-0459,2026-07-24T10:50:00.922157+00:00,39.41679531663373,39.02360707825663,13.805814376592705,1.9,Mw-demo,Eastern Anatolia synthetic cluster,SYNTHETIC_DEMO,
demo-0151,2026-07-24T11:22:06.039292+00:00,40.312110036063316,40.02412971863102,8.092603175558983,2.31,Mw-demo,Eastern Anatolia synthetic cluster,SYNTHETIC_DEMO,
demo-0037,2026-07-24T12:18:19.001400+00:00,38.709656874109655,26.445791407277138,10.400840807408011,3.16,Mw-demo,Aegean synthetic cluster,SYNTHETIC_DEMO,
demo-0222,2026-07-24T13:02:58.391862+00:00,37.62045993833007,36.66009113709318,4.349144695231953,4.74,Mw-demo,Southeast synthetic cluster,SYNTHETIC_DEMO,
demo-0401,2026-07-24T14:38:12.514595+00:00,39.07452409304905,27.84373531367348,1.4586662162318345,1.49,Mw-demo,Aegean synthetic cluster,SYNTHETIC_DEMO,
demo-0040,2026-07-24T21:03:58.648432+00:00,40.526386158092315,29.40260774792739,5.556880625865998,1.75,Mw-demo,Marmara synthetic cluster,SYNTHETIC_DEMO,
demo-0030,2026-07-24T23:46:32.514234+00:00,36.96940068638305,36.90556834701659,6.180388629956208,1.86,Mw-demo,Southeast synthetic cluster,SYNTHETIC_DEMO,
demo-0337,2026-07-25T05:11:16.392150+00:00,38.72621187039898,27.205020717161414,15.74105632050948,3.9,Mw-demo,Aegean synthetic cluster,SYNTHETIC_DEMO,
demo-0544,2026-07-25T11:20:31.946051+00:00,40.64775682098379,29.56290374412606,7.799732680347044,1.32,Mw-demo,Marmara synthetic cluster,SYNTHETIC_DEMO,
demo-0266,2026-07-25T20:28:24.167165+00:00,37.34952021744292,36.90948549858011,14.803375038211714,1.58,Mw-demo,Southeast synthetic cluster,SYNTHETIC_DEMO,
demo-0065,2026-07-26T02:38:12.391963+00:00,38.63501669749696,26.71459662224816,5.2543050524881485,1.91,Mw-demo,Aegean synthetic cluster,SYNTHETIC_DEMO,
demo-0460,2026-07-26T07:23:23.112931+00:00,40.63226038877189,28.67804888021718,14.206189310909966,1.93,Mw-demo,Marmara synthetic cluster,SYNTHETIC_DEMO,
demo-0365,2026-07-26T11:31:35.673854+00:00,38.40822658042813,28.25080981610861,18.541689958843477,1.55,Mw-demo,Aegean synthetic cluster,SYNTHETIC_DEMO,
demo-0267,2026-07-26T23:02:48.558560+00:00,40.41489858869264,39.747302330953694,14.991773002351241,1.29,Mw-demo,Eastern Anatolia synthetic cluster,SYNTHETIC_DEMO,
demo-0428,2026-07-27T07:06:11.103157+00:00,40.69545209657796,29.26468773219409,11.77535010966548,1.74,Mw-demo,Marmara synthetic cluster,SYNTHETIC_DEMO,
demo-0458,2026-07-27T10:55:03.685663+00:00,37.461269189500506,35.5953575593741,7.041853057313643,1.74,Mw-demo,Southeast synthetic cluster,SYNTHETIC_DEMO,
demo-0077,2026-07-27T19:53:28.029418+00:00,38.37381444049849,26.296956173930983,5.472676710366149,1.54,Mw-demo,Aegean synthetic cluster,SYNTHETIC_DEMO,
demo-0170,2026-07-28T02:56:31.059449+00:00,37.976112616030306,36.298381261038784,8.598277057938095,2.11,Mw-demo,Southeast synthetic cluster,SYNTHETIC_DEMO,
demo-0314,2026-07-28T17:33:46.164905+00:00,37.35715620058284,36.3934802620849,13.066463370195665,1.22,Mw-demo,Southeast synthetic cluster,SYNTHETIC_DEMO,
demo-0193,2026-07-28T17:41:28.018916+00:00,38.35469769495464,27.826895623690532,1.7832591048337958,1.36,Mw-demo,Aegean synthetic cluster,SYNTHETIC_DEMO,
demo-0289,2026-07-28T18:14:10.004779+00:00,38.63272501529141,26.401933059660955,4.6436814956508154,1.69,Mw-demo,Aegean synthetic cluster,SYNTHETIC_DEMO,
demo-0247,2026-07-28T20:26:23.655520+00:00,39.05977739064035,39.504945694136,2.958361715164015,1.43,Mw-demo,Eastern Anatolia synthetic cluster,SYNTHETIC_DEMO,
demo-0015,2026-07-29T00:48:19.447392+00:00,39.15140636403086,39.72527870569208,16.372685297530946,3.91,Mw-demo,Eastern Anatolia synthetic cluster,SYNTHETIC_DEMO,
demo-0074,2026-07-29T02:25:14.855315+00:00,36.552806536090856,38.07219631824004,3.2400486248650027,1.82,Mw-demo,Southeast synthetic cluster,SYNTHETIC_DEMO,
demo-0566,2026-07-29T08:33:41.796568+00:00,37.456174529395874,36.0499009026019,11.4541281889107,1.66,Mw-demo,Southeast synthetic cluster,SYNTHETIC_DEMO,
demo-0104,2026-07-29T09:16:43.194569+00:00,41.44325588990803,29.07518697202407,12.094240312349811,4.12,Mw-demo,Marmara synthetic cluster,SYNTHETIC_DEMO,
demo-0076,2026-07-29T19:37:10.918915+00:00,41.206094284809495,28.775656930057156,9.955139188128486,1.23,Mw-demo,Marmara synthetic cluster,SYNTHETIC_DEMO,
demo-0146,2026-07-29T21:18:23.998962+00:00,37.08044151684504,37.029678920397494,12.243607721563883,2.65,Mw-demo,Southeast synthetic cluster,SYNTHETIC_DEMO,
demo-0046,2026-07-29T22:14:41.301691+00:00,37.76805096985679,35.850253069789574,28.31268734043847,1.39,Mw-demo,Southeast synthetic cluster,SYNTHETIC_DEMO,
demo-0402,2026-07-30T00:53:42.586872+00:00,37.899090329159655,36.90408701612689,6.111763447940626,1.34,Mw-demo,Southeast synthetic cluster,SYNTHETIC_DEMO,
demo-0190,2026-07-30T03:07:02.007804+00:00,36.98743555833134,37.056623691165456,2.9167802174934185,2.19,Mw-demo,Southeast synthetic cluster,SYNTHETIC_DEMO,
demo-0619,2026-07-30T05:17:28.051212+00:00,39.74903250006473,39.466340968443134,14.02049903717234,1.71,Mw-demo,Eastern Anatolia synthetic cluster,SYNTHETIC_DEMO,
demo-0195,2026-07-30T11:47:15.074682+00:00,40.02418184448507,39.67001758546643,6.2671057812284525,1.32,Mw-demo,Eastern Anatolia synthetic cluster,SYNTHETIC_DEMO,
demo-0498,2026-07-30T17:32:01.848750+00:00,37.12384503028167,37.7438038703679,12.120404127744923,1.48,Mw-demo,Southeast synthetic cluster,SYNTHETIC_DEMO,
demo-0131,2026-07-31T04:30:59.724058+00:00,39.715332095976514,40.10635464673408,10.884454690206361,1.8,Mw-demo,Eastern Anatolia synthetic cluster,SYNTHETIC_DEMO,
demo-0273,2026-07-31T14:16:33.559508+00:00,38.99221907686381,27.805306645345507,5.608433953963382,1.84,Mw-demo,Aegean synthetic cluster,SYNTHETIC_DEMO,
demo-0583,2026-07-31T17:25:08.865842+00:00,39.38199472760294,38.84183314191708,16.708408322781594,1.8,Mw-demo,Eastern Anatolia synthetic cluster,SYNTHETIC_DEMO,
demo-0436,2026-07-31T18:20:09.823441+00:00,40.96747380125066,29.809506416716687,8.87461345515861,1.24,Mw-demo,Marmara synthetic cluster,SYNTHETIC_DEMO,
demo-0035,2026-07-31T20:04:51.602799+00:00,40.15250402667981,39.54367354528854,5.0281467174514285,1.46,Mw-demo,Eastern Anatolia synthetic cluster,SYNTHETIC_DEMO,
demo-0509,2026-07-31T20:27:40.807124+00:00,39.17473902019162,26.800148206128593,9.571906462896562,1.69,Mw-demo,Aegean synthetic cluster,SYNTHETIC_DEMO,
demo-0075,2026-07-31T22:04:03.546534+00:00,39.55125470336562,38.986412152926036,10.055040975539479,2.16,Mw-demo,Eastern Anatolia synthetic cluster,SYNTHETIC_DEMO,
demo-0284,2026-07-31T22:28:21.070232+00:00,42.28103914843889,29.06814455960516,1.1583683637478215,3.15,Mw-demo,Marmara synthetic cluster,SYNTHETIC_DEMO,
demo-0310,2026-08-01T04:02:15.482717+00:00,37.78470625852414,36.99962171299173,8.912303757962677,3.69,Mw-demo,Southeast synthetic cluster,SYNTHETIC_DEMO,
demo-0376,2026-08-01T10:24:58.432693+00:00,40.63475007045699,28.1878630852725,4.980456565276453,1.82,Mw-demo,Marmara synthetic cluster,SYNTHETIC_DEMO,
demo-0125,2026-08-01T10:30:42.696299+00:00,38.645834385721244,26.966304585889254,3.2183978965725113,1.8,Mw-demo,Aegean synthetic cluster,SYNTHETIC_DEMO,
demo-0450,2026-08-01T16:08:09.548798+00:00,37.57486025661563,36.38426945445602,1.441113194243358,2.49,Mw-demo,Southeast synthetic cluster,SYNTHETIC_DEMO,
demo-0045,2026-08-01T18:18:56.838602+00:00,39.060057366520745,27.71719960857339,4.122788713325796,2.66,Mw-demo,Aegean synthetic cluster,SYNTHETIC_DEMO,
demo-0101,2026-08-01T19:43:56.798532+00:00,38.28957394757976,27.410893236562913,8.220066410492892,1.37,Mw-demo,Aegean synthetic cluster,SYNTHETIC_DEMO,
demo-0280,2026-08-01T21:05:34.918908+00:00,40.985785772878614,28.91869495528498,4.217588499914278,1.84,Mw-demo,Marmara synthetic cluster,SYNTHETIC_DEMO,
demo-0614,2026-08-01T23:44:56.408582+00:00,36.68914105966174,37.62436681495201,20.893107425674383,1.5,Mw-demo,Southeast synthetic cluster,SYNTHETIC_DEMO,
demo-0479,2026-08-02T02:08:27.244067+00:00,39.464304202050535,39.91546604835227,17.723499299332886,1.48,Mw-demo,Eastern Anatolia synthetic cluster,SYNTHETIC_DEMO,
demo-0082,2026-08-02T05:53:07.712694+00:00,37.62669368598634,36.46835531973902,2.7647596789001168,2.83,Mw-demo,Southeast synthetic cluster,SYNTHETIC_DEMO,
